Record Length,2.500000e+03,,  10.000000000000,   0.01200,
Sample Interval,4.000000e-03,,  10.004000000000,   0.01120,
Trigger Point,-2.500000000000e+03,,  10.008000000000,   0.01200,
,,,  10.012000000000,   0.01280,
,,,  10.016000000000,   0.01360,
,,,  10.020000000000,   0.01360,
Source,CH1,,  10.024000000000,   0.01280,
Vertical Units,V,,  10.028000000000,   0.01360,
Vertical Scale,2.000000e-02,,  10.032000000000,   0.01440,
Vertical Offset,-7.840000e-02,,  10.036000000000,   0.01440,
Horizontal Units,s,,  10.040000000000,   0.01200,
Horizontal Scale,1.000000e+00,,  10.044000000000,   0.00880,
Pt Fmt,Y,,  10.048000000000,   0.01200,
Yzero,0.000000e+00,,  10.052000000000,   0.01120,
Probe Atten,1.000000e+00,,  10.056000000000,   0.01200,
Model Number,TDS2001C,,  10.060000000000,   0.01120,
Serial Number,C015024,,  10.064000000000,   0.00960,
Firmware Version,FV:v24.18,,  10.068000000000,   0.01200,
,,,10.072000000000,   0.01200,
,,,10.076000000000,   0.00880,
,,,10.080000000000,   0.01120,
,,,10.084000000000,   0.01200,
,,,10.088000000000,   0.00880,
,,,10.092000000000,   0.00960,
,,,10.096000000000,   0.01200,
,,,10.100000000000,   0.00960,
,,,10.104000000000,   0.00960,
,,,10.108000000000,   0.00880,
,,,10.112000000000,   0.01120,
,,,10.116000000000,   0.00960,
,,,10.120000000000,   0.00880,
,,,10.124000000000,   0.00960,
,,,10.128000000000,   0.01040,
,,,10.132000000000,   0.00880,
,,,10.136000000000,   0.00960,
,,,10.140000000000,   0.00960,
,,,10.144000000000,   0.01040,
,,,10.148000000000,   0.00880,
,,,10.152000000000,   0.01040,
,,,10.156000000000,   0.00960,
,,,10.160000000000,   0.00720,
,,,10.164000000000,   0.01120,
,,,10.168000000000,   0.00880,
,,,10.172000000000,   0.00640,
,,,10.176000000000,   0.01040,
,,,10.180000000000,   0.00960,
,,,10.184000000000,   0.00960,
,,,10.188000000000,   0.00800,
,,,10.192000000000,   0.01120,
,,,10.196000000000,   0.00960,
,,,10.200000000000,   0.00960,
,,,10.204000000000,   0.00880,
,,,10.208000000000,   0.00800,
,,,10.212000000000,   0.00960,
,,,10.216000000000,   0.00960,
,,,10.220000000000,   0.00880,
,,,10.224000000000,   0.00960,
,,,10.228000000000,   0.00960,
,,,10.232000000000,   0.00960,
,,,10.236000000000,   0.00800,
,,,10.240000000000,   0.00880,
,,,10.244000000000,   0.00880,
,,,10.248000000000,   0.00800,
,,,10.252000000000,   0.00880,
,,,10.256000000000,   0.00720,
,,,10.260000000000,   0.00720,
,,,10.264000000000,   0.00880,
,,,10.268000000000,   0.00800,
,,,10.272000000000,   0.00960,
,,,10.276000000000,   0.00880,
,,,10.280000000000,   0.00960,
,,,10.284000000000,   0.00960,
,,,10.288000000000,   0.00880,
,,,10.292000000000,   0.00640,
,,,10.296000000000,   0.00800,
,,,10.300000000000,   0.00640,
,,,10.304000000000,   0.00800,
,,,10.308000000000,   0.00800,
,,,10.312000000000,   0.00640,
,,,10.316000000000,   0.00720,
,,,10.320000000000,   0.00800,
,,,10.324000000000,   0.00640,
,,,10.328000000000,   0.00720,
,,,10.332000000000,   0.00720,
,,,10.336000000000,   0.00720,
,,,10.340000000000,   0.00640,
,,,10.344000000000,   0.00720,
,,,10.348000000000,   0.00640,
,,,10.352000000000,   0.00720,
,,,10.356000000000,   0.00720,
,,,10.360000000000,   0.00720,
,,,10.364000000000,   0.00880,
,,,10.368000000000,   0.00640,
,,,10.372000000000,   0.00800,
,,,10.376000000000,   0.00720,
,,,10.380000000000,   0.00800,
,,,10.384000000000,   0.00640,
,,,10.388000000000,   0.00800,
,,,10.392000000000,   0.00640,
,,,10.396000000000,   0.00560,
,,,10.400000000000,   0.00720,
,,,10.404000000000,   0.00640,
,,,10.408000000000,   0.00800,
,,,10.412000000000,   0.00640,
,,,10.416000000000,   0.00480,
,,,10.420000000000,   0.00880,
,,,10.424000000000,   0.00640,
,,,10.428000000000,   0.00480,
,,,10.432000000000,   0.00640,
,,,10.436000000000,   0.00640,
,,,10.440000000000,   0.00720,
,,,10.444000000000,   0.00560,
,,,10.448000000000,   0.00400,
,,,10.452000000000,   0.00720,
,,,10.456000000000,   0.00640,
,,,10.460000000000,   0.00640,
,,,10.464000000000,   0.00640,
,,,10.468000000000,   0.00480,
,,,10.472000000000,   0.00400,
,,,10.476000000000,   0.00480,
,,,10.480000000000,   0.00640,
,,,10.484000000000,   0.00640,
,,,10.488000000000,   0.00800,
,,,10.492000000000,   0.00720,
,,,10.496000000000,   0.00720,
,,,10.500000000000,   0.00800,
,,,10.504000000000,   0.00640,
,,,10.508000000000,   0.00720,
,,,10.512000000000,   0.00640,
,,,10.516000000000,   0.00640,
,,,10.520000000000,   0.00480,
,,,10.524000000000,   0.00480,
,,,10.528000000000,   0.00480,
,,,10.532000000000,   0.00480,
,,,10.536000000000,   0.00640,
,,,10.540000000000,   0.00720,
,,,10.544000000000,   0.00720,
,,,10.548000000000,   0.00560,
,,,10.552000000000,   0.00400,
,,,10.556000000000,   0.00480,
,,,10.560000000000,   0.00640,
,,,10.564000000000,   0.00640,
,,,10.568000000000,   0.00400,
,,,10.572000000000,   0.00560,
,,,10.576000000000,   0.00640,
,,,10.580000000000,   0.00400,
,,,10.584000000000,   0.00560,
,,,10.588000000000,   0.00560,
,,,10.592000000000,   0.00240,
,,,10.596000000000,   0.00560,
,,,10.600000000000,   0.00640,
,,,10.604000000000,   0.00480,
,,,10.608000000000,   0.00560,
,,,10.612000000000,   0.00400,
,,,10.616000000000,   0.00560,
,,,10.620000000000,   0.00240,
,,,10.624000000000,   0.00400,
,,,10.628000000000,   0.00160,
,,,10.632000000000,   0.00480,
,,,10.636000000000,   0.00400,
,,,10.640000000000,   0.00480,
,,,10.644000000000,   0.00400,
,,,10.648000000000,   0.00640,
,,,10.652000000000,   0.00560,
,,,10.656000000000,   0.00240,
,,,10.660000000000,   0.00560,
,,,10.664000000000,   0.00560,
,,,10.668000000000,   0.00560,
,,,10.672000000000,   0.00640,
,,,10.676000000000,   0.00480,
,,,10.680000000000,   0.00320,
,,,10.684000000000,   0.00560,
,,,10.688000000000,   0.00480,
,,,10.692000000000,   0.00400,
,,,10.696000000000,   0.00320,
,,,10.700000000000,   0.00400,
,,,10.704000000000,   0.00480,
,,,10.708000000000,   0.00400,
,,,10.712000000000,   0.00400,
,,,10.716000000000,   0.00400,
,,,10.720000000000,   0.00240,
,,,10.724000000000,   0.00240,
,,,10.728000000000,   0.00400,
,,,10.732000000000,   0.00480,
,,,10.736000000000,   0.00480,
,,,10.740000000000,   0.00560,
,,,10.744000000000,   0.00560,
,,,10.748000000000,   0.00480,
,,,10.752000000000,   0.00640,
,,,10.756000000000,   0.00560,
,,,10.760000000000,   0.00640,
,,,10.764000000000,   0.00640,
,,,10.768000000000,   0.00400,
,,,10.772000000000,   0.00320,
,,,10.776000000000,   0.00240,
,,,10.780000000000,   0.00400,
,,,10.784000000000,   0.00560,
,,,10.788000000000,   0.00560,
,,,10.792000000000,   0.00560,
,,,10.796000000000,   0.00640,
,,,10.800000000000,   0.00400,
,,,10.804000000000,   0.00560,
,,,10.808000000000,   0.00480,
,,,10.812000000000,   0.00560,
,,,10.816000000000,   0.00400,
,,,10.820000000000,   0.00400,
,,,10.824000000000,   0.00480,
,,,10.828000000000,   0.00640,
,,,10.832000000000,   0.00400,
,,,10.836000000000,   0.00480,
,,,10.840000000000,   0.00640,
,,,10.844000000000,   0.00560,
,,,10.848000000000,   0.00800,
,,,10.852000000000,   0.00320,
,,,10.856000000000,   0.00560,
,,,10.860000000000,   0.00640,
,,,10.864000000000,   0.00640,
,,,10.868000000000,   0.00640,
,,,10.872000000000,   0.00560,
,,,10.876000000000,   0.00800,
,,,10.880000000000,   0.00640,
,,,10.884000000000,   0.00640,
,,,10.888000000000,   0.00720,
,,,10.892000000000,   0.00560,
,,,10.896000000000,   0.00800,
,,,10.900000000000,   0.00480,
,,,10.904000000000,   0.00800,
,,,10.908000000000,   0.00640,
,,,10.912000000000,   0.00640,
,,,10.916000000000,   0.00800,
,,,10.920000000000,   0.00640,
,,,10.924000000000,   0.00560,
,,,10.928000000000,   0.00880,
,,,10.932000000000,   0.00640,
,,,10.936000000000,   0.00640,
,,,10.940000000000,   0.00560,
,,,10.944000000000,   0.00800,
,,,10.948000000000,   0.00720,
,,,10.952000000000,   0.00720,
,,,10.956000000000,   0.00720,
,,,10.960000000000,   0.00640,
,,,10.964000000000,   0.00960,
,,,10.968000000000,   0.00960,
,,,10.972000000000,   0.00960,
,,,10.976000000000,   0.00880,
,,,10.980000000000,   0.00880,
,,,10.984000000000,   0.00960,
,,,10.988000000000,   0.00960,
,,,10.992000000000,   0.00960,
,,,10.996000000000,   0.00880,
,,,11.000000000000,   0.00960,
,,,11.004000000000,   0.00880,
,,,11.008000000000,   0.01040,
,,,11.012000000000,   0.01200,
,,,11.016000000000,   0.01040,
,,,11.020000000000,   0.00960,
,,,11.024000000000,   0.00960,
,,,11.028000000000,   0.01120,
,,,11.032000000000,   0.01200,
,,,11.036000000000,   0.01040,
,,,11.040000000000,   0.00960,
,,,11.044000000000,   0.01120,
,,,11.048000000000,   0.01120,
,,,11.052000000000,   0.01280,
,,,11.056000000000,   0.01200,
,,,11.060000000000,   0.01040,
,,,11.064000000000,   0.01280,
,,,11.068000000000,   0.01280,
,,,11.072000000000,   0.01360,
,,,11.076000000000,   0.01280,
,,,11.080000000000,   0.01440,
,,,11.084000000000,   0.01440,
,,,11.088000000000,   0.01280,
,,,11.092000000000,   0.01360,
,,,11.096000000000,   0.01440,
,,,11.100000000000,   0.01440,
,,,11.104000000000,   0.01600,
,,,11.108000000000,   0.01520,
,,,11.112000000000,   0.01680,
,,,11.116000000000,   0.01520,
,,,11.120000000000,   0.01680,
,,,11.124000000000,   0.01600,
,,,11.128000000000,   0.01680,
,,,11.132000000000,   0.01600,
,,,11.136000000000,   0.01840,
,,,11.140000000000,   0.01760,
,,,11.144000000000,   0.02080,
,,,11.148000000000,   0.02160,
,,,11.152000000000,   0.01920,
,,,11.156000000000,   0.02080,
,,,11.160000000000,   0.02080,
,,,11.164000000000,   0.02320,
,,,11.168000000000,   0.02240,
,,,11.172000000000,   0.02160,
,,,11.176000000000,   0.02560,
,,,11.180000000000,   0.02560,
,,,11.184000000000,   0.02560,
,,,11.188000000000,   0.02400,
,,,11.192000000000,   0.02880,
,,,11.196000000000,   0.02880,
,,,11.200000000000,   0.03040,
,,,11.204000000000,   0.02960,
,,,11.208000000000,   0.02960,
,,,11.212000000000,   0.03120,
,,,11.216000000000,   0.03520,
,,,11.220000000000,   0.03440,
,,,11.224000000000,   0.03440,
,,,11.228000000000,   0.03600,
,,,11.232000000000,   0.03680,
,,,11.236000000000,   0.03680,
,,,11.240000000000,   0.03840,
,,,11.244000000000,   0.03920,
,,,11.248000000000,   0.03920,
,,,11.252000000000,   0.04000,
,,,11.256000000000,   0.04080,
,,,11.260000000000,   0.04160,
,,,11.264000000000,   0.04400,
,,,11.268000000000,   0.04160,
,,,11.272000000000,   0.04400,
,,,11.276000000000,   0.04480,
,,,11.280000000000,   0.04640,
,,,11.284000000000,   0.04640,
,,,11.288000000000,   0.04560,
,,,11.292000000000,   0.04480,
,,,11.296000000000,   0.04640,
,,,11.300000000000,   0.04640,
,,,11.304000000000,   0.04800,
,,,11.308000000000,   0.04720,
,,,11.312000000000,   0.04720,
,,,11.316000000000,   0.04720,
,,,11.320000000000,   0.04960,
,,,11.324000000000,   0.04720,
,,,11.328000000000,   0.04800,
,,,11.332000000000,   0.04960,
,,,11.336000000000,   0.04720,
,,,11.340000000000,   0.04960,
,,,11.344000000000,   0.04960,
,,,11.348000000000,   0.04800,
,,,11.352000000000,   0.04960,
,,,11.356000000000,   0.05040,
,,,11.360000000000,   0.04960,
,,,11.364000000000,   0.05120,
,,,11.368000000000,   0.05200,
,,,11.372000000000,   0.05040,
,,,11.376000000000,   0.04800,
,,,11.380000000000,   0.05200,
,,,11.384000000000,   0.05120,
,,,11.388000000000,   0.05120,
,,,11.392000000000,   0.05040,
,,,11.396000000000,   0.04960,
,,,11.400000000000,   0.05200,
,,,11.404000000000,   0.05120,
,,,11.408000000000,   0.05280,
,,,11.412000000000,   0.05200,
,,,11.416000000000,   0.05120,
,,,11.420000000000,   0.05360,
,,,11.424000000000,   0.05200,
,,,11.428000000000,   0.05280,
,,,11.432000000000,   0.05120,
,,,11.436000000000,   0.05440,
,,,11.440000000000,   0.05280,
,,,11.444000000000,   0.05360,
,,,11.448000000000,   0.05280,
,,,11.452000000000,   0.05360,
,,,11.456000000000,   0.05440,
,,,11.460000000000,   0.05360,
,,,11.464000000000,   0.05520,
,,,11.468000000000,   0.05360,
,,,11.472000000000,   0.05360,
,,,11.476000000000,   0.05360,
,,,11.480000000000,   0.05440,
,,,11.484000000000,   0.05600,
,,,11.488000000000,   0.05600,
,,,11.492000000000,   0.05520,
,,,11.496000000000,   0.05520,
,,,11.500000000000,   0.05520,
,,,11.504000000000,   0.05600,
,,,11.508000000000,   0.05520,
,,,11.512000000000,   0.05600,
,,,11.516000000000,   0.05520,
,,,11.520000000000,   0.05520,
,,,11.524000000000,   0.05280,
,,,11.528000000000,   0.05280,
,,,11.532000000000,   0.05360,
,,,11.536000000000,   0.05360,
,,,11.540000000000,   0.05360,
,,,11.544000000000,   0.05360,
,,,11.548000000000,   0.05360,
,,,11.552000000000,   0.05040,
,,,11.556000000000,   0.05200,
,,,11.560000000000,   0.05200,
,,,11.564000000000,   0.05280,
,,,11.568000000000,   0.04960,
,,,11.572000000000,   0.04960,
,,,11.576000000000,   0.05120,
,,,11.580000000000,   0.04800,
,,,11.584000000000,   0.04880,
,,,11.588000000000,   0.04960,
,,,11.592000000000,   0.04720,
,,,11.596000000000,   0.04800,
,,,11.600000000000,   0.04800,
,,,11.604000000000,   0.04400,
,,,11.608000000000,   0.04560,
,,,11.612000000000,   0.04400,
,,,11.616000000000,   0.04480,
,,,11.620000000000,   0.04400,
,,,11.624000000000,   0.04400,
,,,11.628000000000,   0.04160,
,,,11.632000000000,   0.04320,
,,,11.636000000000,   0.04080,
,,,11.640000000000,   0.04080,
,,,11.644000000000,   0.04000,
,,,11.648000000000,   0.04080,
,,,11.652000000000,   0.03920,
,,,11.656000000000,   0.03920,
,,,11.660000000000,   0.03920,
,,,11.664000000000,   0.03680,
,,,11.668000000000,   0.03840,
,,,11.672000000000,   0.03760,
,,,11.676000000000,   0.03680,
,,,11.680000000000,   0.03440,
,,,11.684000000000,   0.03600,
,,,11.688000000000,   0.03600,
,,,11.692000000000,   0.03360,
,,,11.696000000000,   0.03360,
,,,11.700000000000,   0.03600,
,,,11.704000000000,   0.03360,
,,,11.708000000000,   0.03280,
,,,11.712000000000,   0.03120,
,,,11.716000000000,   0.03120,
,,,11.720000000000,   0.02880,
,,,11.724000000000,   0.03120,
,,,11.728000000000,   0.03200,
,,,11.732000000000,   0.03200,
,,,11.736000000000,   0.03040,
,,,11.740000000000,   0.02960,
,,,11.744000000000,   0.03040,
,,,11.748000000000,   0.02960,
,,,11.752000000000,   0.02880,
,,,11.756000000000,   0.02880,
,,,11.760000000000,   0.02880,
,,,11.764000000000,   0.02880,
,,,11.768000000000,   0.02800,
,,,11.772000000000,   0.02800,
,,,11.776000000000,   0.02560,
,,,11.780000000000,   0.02320,
,,,11.784000000000,   0.02480,
,,,11.788000000000,   0.02480,
,,,11.792000000000,   0.02560,
,,,11.796000000000,   0.02560,
,,,11.800000000000,   0.02480,
,,,11.804000000000,   0.02240,
,,,11.808000000000,   0.02480,
,,,11.812000000000,   0.02320,
,,,11.816000000000,   0.02400,
,,,11.820000000000,   0.02160,
,,,11.824000000000,   0.02160,
,,,11.828000000000,   0.02240,
,,,11.832000000000,   0.02000,
,,,11.836000000000,   0.02160,
,,,11.840000000000,   0.02400,
,,,11.844000000000,   0.02080,
,,,11.848000000000,   0.02160,
,,,11.852000000000,   0.02240,
,,,11.856000000000,   0.02160,
,,,11.860000000000,   0.02160,
,,,11.864000000000,   0.01840,
,,,11.868000000000,   0.02080,
,,,11.872000000000,   0.01920,
,,,11.876000000000,   0.02080,
,,,11.880000000000,   0.01840,
,,,11.884000000000,   0.02080,
,,,11.888000000000,   0.01840,
,,,11.892000000000,   0.02160,
,,,11.896000000000,   0.01760,
,,,11.900000000000,   0.01920,
,,,11.904000000000,   0.01920,
,,,11.908000000000,   0.01600,
,,,11.912000000000,   0.01920,
,,,11.916000000000,   0.01840,
,,,11.920000000000,   0.01600,
,,,11.924000000000,   0.01920,
,,,11.928000000000,   0.01840,
,,,11.932000000000,   0.01680,
,,,11.936000000000,   0.01600,
,,,11.940000000000,   0.01920,
,,,11.944000000000,   0.01840,
,,,11.948000000000,   0.01680,
,,,11.952000000000,   0.01520,
,,,11.956000000000,   0.01680,
,,,11.960000000000,   0.01680,
,,,11.964000000000,   0.01600,
,,,11.968000000000,   0.01600,
,,,11.972000000000,   0.01520,
,,,11.976000000000,   0.01440,
,,,11.980000000000,   0.01600,
,,,11.984000000000,   0.01280,
,,,11.988000000000,   0.01280,
,,,11.992000000000,   0.01360,
,,,11.996000000000,   0.01360,
,,,12.000000000000,   0.01280,
,,,12.004000000000,   0.01360,
,,,12.008000000000,   0.01280,
,,,12.012000000000,   0.01360,
,,,12.016000000000,   0.01280,
,,,12.020000000000,   0.01440,
,,,12.024000000000,   0.01360,
,,,12.028000000000,   0.01440,
,,,12.032000000000,   0.01440,
,,,12.036000000000,   0.01440,
,,,12.040000000000,   0.01440,
,,,12.044000000000,   0.01280,
,,,12.048000000000,   0.01280,
,,,12.052000000000,   0.01520,
,,,12.056000000000,   0.01360,
,,,12.060000000000,   0.01520,
,,,12.064000000000,   0.01120,
,,,12.068000000000,   0.01280,
,,,12.072000000000,   0.01360,
,,,12.076000000000,   0.01280,
,,,12.080000000000,   0.01280,
,,,12.084000000000,   0.01280,
,,,12.088000000000,   0.01280,
,,,12.092000000000,   0.01280,
,,,12.096000000000,   0.01280,
,,,12.100000000000,   0.01120,
,,,12.104000000000,   0.01280,
,,,12.108000000000,   0.01280,
,,,12.112000000000,   0.01280,
,,,12.116000000000,   0.01280,
,,,12.120000000000,   0.01280,
,,,12.124000000000,   0.01360,
,,,12.128000000000,   0.01120,
,,,12.132000000000,   0.01360,
,,,12.136000000000,   0.01200,
,,,12.140000000000,   0.01280,
,,,12.144000000000,   0.01280,
,,,12.148000000000,   0.00960,
,,,12.152000000000,   0.01200,
,,,12.156000000000,   0.01120,
,,,12.160000000000,   0.01200,
,,,12.164000000000,   0.01280,
,,,12.168000000000,   0.00960,
,,,12.172000000000,   0.01200,
,,,12.176000000000,   0.01120,
,,,12.180000000000,   0.01120,
,,,12.184000000000,   0.00960,
,,,12.188000000000,   0.01200,
,,,12.192000000000,   0.01200,
,,,12.196000000000,   0.01200,
,,,12.200000000000,   0.00880,
,,,12.204000000000,   0.01200,
,,,12.208000000000,   0.01280,
,,,12.212000000000,   0.01040,
,,,12.216000000000,   0.01040,
,,,12.220000000000,   0.01120,
,,,12.224000000000,   0.01040,
,,,12.228000000000,   0.00720,
,,,12.232000000000,   0.00960,
,,,12.236000000000,   0.01120,
,,,12.240000000000,   0.01200,
,,,12.244000000000,   0.01040,
,,,12.248000000000,   0.01200,
,,,12.252000000000,   0.01280,
,,,12.256000000000,   0.01200,
,,,12.260000000000,   0.01040,
,,,12.264000000000,   0.01040,
,,,12.268000000000,   0.00960,
,,,12.272000000000,   0.00880,
,,,12.276000000000,   0.00960,
,,,12.280000000000,   0.01200,
,,,12.284000000000,   0.00960,
,,,12.288000000000,   0.01120,
,,,12.292000000000,   0.01280,
,,,12.296000000000,   0.01040,
,,,12.300000000000,   0.00880,
,,,12.304000000000,   0.01040,
,,,12.308000000000,   0.00960,
,,,12.312000000000,   0.01120,
,,,12.316000000000,   0.00880,
,,,12.320000000000,   0.00960,
,,,12.324000000000,   0.01040,
,,,12.328000000000,   0.00880,
,,,12.332000000000,   0.00960,
,,,12.336000000000,   0.01040,
,,,12.340000000000,   0.00960,
,,,12.344000000000,   0.00960,
,,,12.348000000000,   0.01200,
,,,12.352000000000,   0.00960,
,,,12.356000000000,   0.01040,
,,,12.360000000000,   0.00960,
,,,12.364000000000,   0.01120,
,,,12.368000000000,   0.01040,
,,,12.372000000000,   0.01120,
,,,12.376000000000,   0.01040,
,,,12.380000000000,   0.00960,
,,,12.384000000000,   0.00960,
,,,12.388000000000,   0.00880,
,,,12.392000000000,   0.00880,
,,,12.396000000000,   0.00960,
,,,12.400000000000,   0.00880,
,,,12.404000000000,   0.01200,
,,,12.408000000000,   0.00960,
,,,12.412000000000,   0.00880,
,,,12.416000000000,   0.01120,
,,,12.420000000000,   0.00960,
,,,12.424000000000,   0.00880,
,,,12.428000000000,   0.01120,
,,,12.432000000000,   0.00960,
,,,12.436000000000,   0.01040,
,,,12.440000000000,   0.00880,
,,,12.444000000000,   0.01200,
,,,12.448000000000,   0.00960,
,,,12.452000000000,   0.01040,
,,,12.456000000000,   0.00880,
,,,12.460000000000,   0.00960,
,,,12.464000000000,   0.01040,
,,,12.468000000000,   0.01040,
,,,12.472000000000,   0.01040,
,,,12.476000000000,   0.00960,
,,,12.480000000000,   0.00960,
,,,12.484000000000,   0.01040,
,,,12.488000000000,   0.01040,
,,,12.492000000000,   0.00880,
,,,12.496000000000,   0.00960,
,,,12.500000000000,   0.00880,
,,,12.504000000000,   0.00960,
,,,12.508000000000,   0.00960,
,,,12.512000000000,   0.00960,
,,,12.516000000000,   0.01040,
,,,12.520000000000,   0.00880,
,,,12.524000000000,   0.00960,
,,,12.528000000000,   0.01040,
,,,12.532000000000,   0.01040,
,,,12.536000000000,   0.00960,
,,,12.540000000000,   0.00800,
,,,12.544000000000,   0.00800,
,,,12.548000000000,   0.01040,
,,,12.552000000000,   0.00960,
,,,12.556000000000,   0.01040,
,,,12.560000000000,   0.00800,
,,,12.564000000000,   0.00960,
,,,12.568000000000,   0.00960,
,,,12.572000000000,   0.01040,
,,,12.576000000000,   0.00800,
,,,12.580000000000,   0.00960,
,,,12.584000000000,   0.01200,
,,,12.588000000000,   0.00800,
,,,12.592000000000,   0.00880,
,,,12.596000000000,   0.01040,
,,,12.600000000000,   0.00960,
,,,12.604000000000,   0.01040,
,,,12.608000000000,   0.00800,
,,,12.612000000000,   0.00880,
,,,12.616000000000,   0.00880,
,,,12.620000000000,   0.00960,
,,,12.624000000000,   0.00960,
,,,12.628000000000,   0.00960,
,,,12.632000000000,   0.00880,
,,,12.636000000000,   0.01040,
,,,12.640000000000,   0.00720,
,,,12.644000000000,   0.00960,
,,,12.648000000000,   0.00880,
,,,12.652000000000,   0.01120,
,,,12.656000000000,   0.01040,
,,,12.660000000000,   0.00880,
,,,12.664000000000,   0.01040,
,,,12.668000000000,   0.01120,
,,,12.672000000000,   0.00880,
,,,12.676000000000,   0.01120,
,,,12.680000000000,   0.01040,
,,,12.684000000000,   0.00720,
,,,12.688000000000,   0.01040,
,,,12.692000000000,   0.01040,
,,,12.696000000000,   0.00960,
,,,12.700000000000,   0.00960,
,,,12.704000000000,   0.00720,
,,,12.708000000000,   0.00960,
,,,12.712000000000,   0.01200,
,,,12.716000000000,   0.01120,
,,,12.720000000000,   0.01040,
,,,12.724000000000,   0.01120,
,,,12.728000000000,   0.00880,
,,,12.732000000000,   0.00880,
,,,12.736000000000,   0.00960,
,,,12.740000000000,   0.00800,
,,,12.744000000000,   0.00800,
,,,12.748000000000,   0.00800,
,,,12.752000000000,   0.00880,
,,,12.756000000000,   0.00800,
,,,12.760000000000,   0.00800,
,,,12.764000000000,   0.00720,
,,,12.768000000000,   0.00880,
,,,12.772000000000,   0.01040,
,,,12.776000000000,   0.01040,
,,,12.780000000000,   0.01120,
,,,12.784000000000,   0.01040,
,,,12.788000000000,   0.01040,
,,,12.792000000000,   0.01040,
,,,12.796000000000,   0.00800,
,,,12.800000000000,   0.01040,
,,,12.804000000000,   0.00960,
,,,12.808000000000,   0.01040,
,,,12.812000000000,   0.00960,
,,,12.816000000000,   0.00960,
,,,12.820000000000,   0.01040,
,,,12.824000000000,   0.01200,
,,,12.828000000000,   0.00800,
,,,12.832000000000,   0.01120,
,,,12.836000000000,   0.01200,
,,,12.840000000000,   0.00800,
,,,12.844000000000,   0.01120,
,,,12.848000000000,   0.01120,
,,,12.852000000000,   0.00960,
,,,12.856000000000,   0.01120,
,,,12.860000000000,   0.00800,
,,,12.864000000000,   0.01200,
,,,12.868000000000,   0.00880,
,,,12.872000000000,   0.01200,
,,,12.876000000000,   0.01040,
,,,12.880000000000,   0.01120,
,,,12.884000000000,   0.00960,
,,,12.888000000000,   0.01040,
,,,12.892000000000,   0.00960,
,,,12.896000000000,   0.01120,
,,,12.900000000000,   0.01120,
,,,12.904000000000,   0.01120,
,,,12.908000000000,   0.01200,
,,,12.912000000000,   0.00960,
,,,12.916000000000,   0.01200,
,,,12.920000000000,   0.01120,
,,,12.924000000000,   0.00960,
,,,12.928000000000,   0.01120,
,,,12.932000000000,   0.01040,
,,,12.936000000000,   0.01040,
,,,12.940000000000,   0.01040,
,,,12.944000000000,   0.01200,
,,,12.948000000000,   0.01200,
,,,12.952000000000,   0.01120,
,,,12.956000000000,   0.01120,
,,,12.960000000000,   0.01040,
,,,12.964000000000,   0.01120,
,,,12.968000000000,   0.01120,
,,,12.972000000000,   0.01280,
,,,12.976000000000,   0.01120,
,,,12.980000000000,   0.01120,
,,,12.984000000000,   0.01120,
,,,12.988000000000,   0.01040,
,,,12.992000000000,   0.01120,
,,,12.996000000000,   0.01120,
,,,13.000000000000,   0.00960,
,,,13.004000000000,   0.01040,
,,,13.008000000000,   0.01040,
,,,13.012000000000,   0.01120,
,,,13.016000000000,   0.00960,
,,,13.020000000000,   0.01120,
,,,13.024000000000,   0.01120,
,,,13.028000000000,   0.01120,
,,,13.032000000000,   0.01120,
,,,13.036000000000,   0.01120,
,,,13.040000000000,   0.00960,
,,,13.044000000000,   0.01040,
,,,13.048000000000,   0.01040,
,,,13.052000000000,   0.01120,
,,,13.056000000000,   0.01200,
,,,13.060000000000,   0.00960,
,,,13.064000000000,   0.01200,
,,,13.068000000000,   0.01120,
,,,13.072000000000,   0.01040,
,,,13.076000000000,   0.00960,
,,,13.080000000000,   0.01120,
,,,13.084000000000,   0.01200,
,,,13.088000000000,   0.00960,
,,,13.092000000000,   0.01040,
,,,13.096000000000,   0.00960,
,,,13.100000000000,   0.01120,
,,,13.104000000000,   0.01200,
,,,13.108000000000,   0.00960,
,,,13.112000000000,   0.01040,
,,,13.116000000000,   0.00960,
,,,13.120000000000,   0.01120,
,,,13.124000000000,   0.01040,
,,,13.128000000000,   0.01120,
,,,13.132000000000,   0.00960,
,,,13.136000000000,   0.01200,
,,,13.140000000000,   0.00960,
,,,13.144000000000,   0.01200,
,,,13.148000000000,   0.01120,
,,,13.152000000000,   0.01280,
,,,13.156000000000,   0.01200,
,,,13.160000000000,   0.00960,
,,,13.164000000000,   0.01280,
,,,13.168000000000,   0.01200,
,,,13.172000000000,   0.01040,
,,,13.176000000000,   0.01280,
,,,13.180000000000,   0.01120,
,,,13.184000000000,   0.01040,
,,,13.188000000000,   0.01040,
,,,13.192000000000,   0.01280,
,,,13.196000000000,   0.01120,
,,,13.200000000000,   0.01280,
,,,13.204000000000,   0.01040,
,,,13.208000000000,   0.01040,
,,,13.212000000000,   0.01280,
,,,13.216000000000,   0.01280,
,,,13.220000000000,   0.01120,
,,,13.224000000000,   0.01200,
,,,13.228000000000,   0.01200,
,,,13.232000000000,   0.01120,
,,,13.236000000000,   0.01120,
,,,13.240000000000,   0.01040,
,,,13.244000000000,   0.01040,
,,,13.248000000000,   0.01040,
,,,13.252000000000,   0.00880,
,,,13.256000000000,   0.01040,
,,,13.260000000000,   0.00880,
,,,13.264000000000,   0.01040,
,,,13.268000000000,   0.00960,
,,,13.272000000000,   0.01200,
,,,13.276000000000,   0.01200,
,,,13.280000000000,   0.01120,
,,,13.284000000000,   0.01280,
,,,13.288000000000,   0.01200,
,,,13.292000000000,   0.00960,
,,,13.296000000000,   0.00960,
,,,13.300000000000,   0.01200,
,,,13.304000000000,   0.01200,
,,,13.308000000000,   0.01280,
,,,13.312000000000,   0.01120,
,,,13.316000000000,   0.01280,
,,,13.320000000000,   0.01280,
,,,13.324000000000,   0.01280,
,,,13.328000000000,   0.01120,
,,,13.332000000000,   0.01280,
,,,13.336000000000,   0.01280,
,,,13.340000000000,   0.01120,
,,,13.344000000000,   0.01360,
,,,13.348000000000,   0.01360,
,,,13.352000000000,   0.01200,
,,,13.356000000000,   0.01280,
,,,13.360000000000,   0.01120,
,,,13.364000000000,   0.01280,
,,,13.368000000000,   0.01280,
,,,13.372000000000,   0.01120,
,,,13.376000000000,   0.01040,
,,,13.380000000000,   0.01280,
,,,13.384000000000,   0.01120,
,,,13.388000000000,   0.01200,
,,,13.392000000000,   0.01200,
,,,13.396000000000,   0.01360,
,,,13.400000000000,   0.01200,
,,,13.404000000000,   0.01200,
,,,13.408000000000,   0.01280,
,,,13.412000000000,   0.01040,
,,,13.416000000000,   0.01360,
,,,13.420000000000,   0.01360,
,,,13.424000000000,   0.01120,
,,,13.428000000000,   0.01280,
,,,13.432000000000,   0.01280,
,,,13.436000000000,   0.01280,
,,,13.440000000000,   0.01040,
,,,13.444000000000,   0.01440,
,,,13.448000000000,   0.01360,
,,,13.452000000000,   0.01360,
,,,13.456000000000,   0.01360,
,,,13.460000000000,   0.01120,
,,,13.464000000000,   0.01360,
,,,13.468000000000,   0.01440,
,,,13.472000000000,   0.01360,
,,,13.476000000000,   0.01280,
,,,13.480000000000,   0.01280,
,,,13.484000000000,   0.01280,
,,,13.488000000000,   0.01280,
,,,13.492000000000,   0.01280,
,,,13.496000000000,   0.01280,
,,,13.500000000000,   0.01280,
,,,13.504000000000,   0.01360,
,,,13.508000000000,   0.01280,
,,,13.512000000000,   0.01360,
,,,13.516000000000,   0.01280,
,,,13.520000000000,   0.01280,
,,,13.524000000000,   0.01280,
,,,13.528000000000,   0.01360,
,,,13.532000000000,   0.01520,
,,,13.536000000000,   0.01200,
,,,13.540000000000,   0.01120,
,,,13.544000000000,   0.01280,
,,,13.548000000000,   0.01280,
,,,13.552000000000,   0.01360,
,,,13.556000000000,   0.01520,
,,,13.560000000000,   0.01200,
,,,13.564000000000,   0.01280,
,,,13.568000000000,   0.01440,
,,,13.572000000000,   0.01440,
,,,13.576000000000,   0.01280,
,,,13.580000000000,   0.01440,
,,,13.584000000000,   0.01520,
,,,13.588000000000,   0.01120,
,,,13.592000000000,   0.01280,
,,,13.596000000000,   0.01280,
,,,13.600000000000,   0.01360,
,,,13.604000000000,   0.01520,
,,,13.608000000000,   0.01120,
,,,13.612000000000,   0.01360,
,,,13.616000000000,   0.01200,
,,,13.620000000000,   0.01440,
,,,13.624000000000,   0.01280,
,,,13.628000000000,   0.01440,
,,,13.632000000000,   0.01280,
,,,13.636000000000,   0.01280,
,,,13.640000000000,   0.01280,
,,,13.644000000000,   0.01520,
,,,13.648000000000,   0.01360,
,,,13.652000000000,   0.01520,
,,,13.656000000000,   0.01360,
,,,13.660000000000,   0.01280,
,,,13.664000000000,   0.01440,
,,,13.668000000000,   0.01440,
,,,13.672000000000,   0.01280,
,,,13.676000000000,   0.01600,
,,,13.680000000000,   0.01360,
,,,13.684000000000,   0.01360,
,,,13.688000000000,   0.01360,
,,,13.692000000000,   0.01520,
,,,13.696000000000,   0.01520,
,,,13.700000000000,   0.01520,
,,,13.704000000000,   0.01360,
,,,13.708000000000,   0.01440,
,,,13.712000000000,   0.01680,
,,,13.716000000000,   0.01440,
,,,13.720000000000,   0.01440,
,,,13.724000000000,   0.01520,
,,,13.728000000000,   0.01280,
,,,13.732000000000,   0.01440,
,,,13.736000000000,   0.01280,
,,,13.740000000000,   0.01280,
,,,13.744000000000,   0.01360,
,,,13.748000000000,   0.01280,
,,,13.752000000000,   0.01280,
,,,13.756000000000,   0.01440,
,,,13.760000000000,   0.01360,
,,,13.764000000000,   0.01360,
,,,13.768000000000,   0.01440,
,,,13.772000000000,   0.01440,
,,,13.776000000000,   0.01600,
,,,13.780000000000,   0.01520,
,,,13.784000000000,   0.01520,
,,,13.788000000000,   0.01600,
,,,13.792000000000,   0.01520,
,,,13.796000000000,   0.01280,
,,,13.800000000000,   0.01280,
,,,13.804000000000,   0.01520,
,,,13.808000000000,   0.01600,
,,,13.812000000000,   0.01520,
,,,13.816000000000,   0.01440,
,,,13.820000000000,   0.01520,
,,,13.824000000000,   0.01600,
,,,13.828000000000,   0.01360,
,,,13.832000000000,   0.01520,
,,,13.836000000000,   0.01680,
,,,13.840000000000,   0.01280,
,,,13.844000000000,   0.01600,
,,,13.848000000000,   0.01600,
,,,13.852000000000,   0.01360,
,,,13.856000000000,   0.01680,
,,,13.860000000000,   0.01440,
,,,13.864000000000,   0.01600,
,,,13.868000000000,   0.01520,
,,,13.872000000000,   0.01520,
,,,13.876000000000,   0.01520,
,,,13.880000000000,   0.01600,
,,,13.884000000000,   0.01520,
,,,13.888000000000,   0.01600,
,,,13.892000000000,   0.01360,
,,,13.896000000000,   0.01600,
,,,13.900000000000,   0.01600,
,,,13.904000000000,   0.01680,
,,,13.908000000000,   0.01680,
,,,13.912000000000,   0.01360,
,,,13.916000000000,   0.01760,
,,,13.920000000000,   0.01600,
,,,13.924000000000,   0.01520,
,,,13.928000000000,   0.01760,
,,,13.932000000000,   0.01760,
,,,13.936000000000,   0.01600,
,,,13.940000000000,   0.01520,
,,,13.944000000000,   0.01840,
,,,13.948000000000,   0.01680,
,,,13.952000000000,   0.01840,
,,,13.956000000000,   0.01520,
,,,13.960000000000,   0.01520,
,,,13.964000000000,   0.01760,
,,,13.968000000000,   0.01680,
,,,13.972000000000,   0.01600,
,,,13.976000000000,   0.01600,
,,,13.980000000000,   0.01680,
,,,13.984000000000,   0.01680,
,,,13.988000000000,   0.01680,
,,,13.992000000000,   0.01680,
,,,13.996000000000,   0.01600,
,,,14.000000000000,   0.01680,
,,,14.004000000000,   0.01680,
,,,14.008000000000,   0.01600,
,,,14.012000000000,   0.01600,
,,,14.016000000000,   0.01760,
,,,14.020000000000,   0.01680,
,,,14.024000000000,   0.01680,
,,,14.028000000000,   0.01760,
,,,14.032000000000,   0.01760,
,,,14.036000000000,   0.01840,
,,,14.040000000000,   0.01680,
,,,14.044000000000,   0.01680,
,,,14.048000000000,   0.01680,
,,,14.052000000000,   0.01840,
,,,14.056000000000,   0.01840,
,,,14.060000000000,   0.01760,
,,,14.064000000000,   0.01680,
,,,14.068000000000,   0.01760,
,,,14.072000000000,   0.02000,
,,,14.076000000000,   0.01600,
,,,14.080000000000,   0.01760,
,,,14.084000000000,   0.01840,
,,,14.088000000000,   0.01520,
,,,14.092000000000,   0.01840,
,,,14.096000000000,   0.02000,
,,,14.100000000000,   0.01680,
,,,14.104000000000,   0.01760,
,,,14.108000000000,   0.01760,
,,,14.112000000000,   0.01840,
,,,14.116000000000,   0.01840,
,,,14.120000000000,   0.01920,
,,,14.124000000000,   0.02000,
,,,14.128000000000,   0.01840,
,,,14.132000000000,   0.01920,
,,,14.136000000000,   0.01920,
,,,14.140000000000,   0.01840,
,,,14.144000000000,   0.01920,
,,,14.148000000000,   0.01600,
,,,14.152000000000,   0.02000,
,,,14.156000000000,   0.01840,
,,,14.160000000000,   0.01920,
,,,14.164000000000,   0.01920,
,,,14.168000000000,   0.01840,
,,,14.172000000000,   0.01920,
,,,14.176000000000,   0.02080,
,,,14.180000000000,   0.01920,
,,,14.184000000000,   0.01760,
,,,14.188000000000,   0.02000,
,,,14.192000000000,   0.01840,
,,,14.196000000000,   0.02000,
,,,14.200000000000,   0.01840,
,,,14.204000000000,   0.01920,
,,,14.208000000000,   0.02000,
,,,14.212000000000,   0.02080,
,,,14.216000000000,   0.01920,
,,,14.220000000000,   0.01920,
,,,14.224000000000,   0.02000,
,,,14.228000000000,   0.01920,
,,,14.232000000000,   0.02000,
,,,14.236000000000,   0.01920,
,,,14.240000000000,   0.02000,
,,,14.244000000000,   0.02080,
,,,14.248000000000,   0.02080,
,,,14.252000000000,   0.02080,
,,,14.256000000000,   0.02160,
,,,14.260000000000,   0.02080,
,,,14.264000000000,   0.01920,
,,,14.268000000000,   0.02000,
,,,14.272000000000,   0.01920,
,,,14.276000000000,   0.02000,
,,,14.280000000000,   0.02160,
,,,14.284000000000,   0.02160,
,,,14.288000000000,   0.02080,
,,,14.292000000000,   0.02320,
,,,14.296000000000,   0.02000,
,,,14.300000000000,   0.01920,
,,,14.304000000000,   0.02160,
,,,14.308000000000,   0.02240,
,,,14.312000000000,   0.02320,
,,,14.316000000000,   0.01920,
,,,14.320000000000,   0.02160,
,,,14.324000000000,   0.02240,
,,,14.328000000000,   0.02160,
,,,14.332000000000,   0.02000,
,,,14.336000000000,   0.02160,
,,,14.340000000000,   0.02320,
,,,14.344000000000,   0.02240,
,,,14.348000000000,   0.02320,
,,,14.352000000000,   0.02080,
,,,14.356000000000,   0.02240,
,,,14.360000000000,   0.02400,
,,,14.364000000000,   0.02240,
,,,14.368000000000,   0.02240,
,,,14.372000000000,   0.02160,
,,,14.376000000000,   0.02400,
,,,14.380000000000,   0.02160,
,,,14.384000000000,   0.02240,
,,,14.388000000000,   0.02240,
,,,14.392000000000,   0.02320,
,,,14.396000000000,   0.02240,
,,,14.400000000000,   0.02240,
,,,14.404000000000,   0.02480,
,,,14.408000000000,   0.02400,
,,,14.412000000000,   0.02320,
,,,14.416000000000,   0.02480,
,,,14.420000000000,   0.02320,
,,,14.424000000000,   0.02480,
,,,14.428000000000,   0.02400,
,,,14.432000000000,   0.02480,
,,,14.436000000000,   0.02160,
,,,14.440000000000,   0.02560,
,,,14.444000000000,   0.02400,
,,,14.448000000000,   0.02400,
,,,14.452000000000,   0.02480,
,,,14.456000000000,   0.02320,
,,,14.460000000000,   0.02560,
,,,14.464000000000,   0.02560,
,,,14.468000000000,   0.02480,
,,,14.472000000000,   0.02560,
,,,14.476000000000,   0.02400,
,,,14.480000000000,   0.02400,
,,,14.484000000000,   0.02320,
,,,14.488000000000,   0.02560,
,,,14.492000000000,   0.02400,
,,,14.496000000000,   0.02400,
,,,14.500000000000,   0.02480,
,,,14.504000000000,   0.02400,
,,,14.508000000000,   0.02480,
,,,14.512000000000,   0.02400,
,,,14.516000000000,   0.02480,
,,,14.520000000000,   0.02480,
,,,14.524000000000,   0.02560,
,,,14.528000000000,   0.02640,
,,,14.532000000000,   0.02560,
,,,14.536000000000,   0.02720,
,,,14.540000000000,   0.02800,
,,,14.544000000000,   0.02640,
,,,14.548000000000,   0.02560,
,,,14.552000000000,   0.02720,
,,,14.556000000000,   0.02640,
,,,14.560000000000,   0.02880,
,,,14.564000000000,   0.02560,
,,,14.568000000000,   0.02640,
,,,14.572000000000,   0.02880,
,,,14.576000000000,   0.02800,
,,,14.580000000000,   0.02560,
,,,14.584000000000,   0.02720,
,,,14.588000000000,   0.02960,
,,,14.592000000000,   0.02720,
,,,14.596000000000,   0.02800,
,,,14.600000000000,   0.02880,
,,,14.604000000000,   0.02720,
,,,14.608000000000,   0.03040,
,,,14.612000000000,   0.02800,
,,,14.616000000000,   0.02800,
,,,14.620000000000,   0.02720,
,,,14.624000000000,   0.03040,
,,,14.628000000000,   0.02720,
,,,14.632000000000,   0.02960,
,,,14.636000000000,   0.02880,
,,,14.640000000000,   0.03040,
,,,14.644000000000,   0.02880,
,,,14.648000000000,   0.03040,
,,,14.652000000000,   0.03120,
,,,14.656000000000,   0.02880,
,,,14.660000000000,   0.03280,
,,,14.664000000000,   0.03120,
,,,14.668000000000,   0.03040,
,,,14.672000000000,   0.03120,
,,,14.676000000000,   0.03040,
,,,14.680000000000,   0.02960,
,,,14.684000000000,   0.03280,
,,,14.688000000000,   0.03200,
,,,14.692000000000,   0.03120,
,,,14.696000000000,   0.03040,
,,,14.700000000000,   0.03280,
,,,14.704000000000,   0.03280,
,,,14.708000000000,   0.03280,
,,,14.712000000000,   0.03280,
,,,14.716000000000,   0.03120,
,,,14.720000000000,   0.03200,
,,,14.724000000000,   0.03360,
,,,14.728000000000,   0.03360,
,,,14.732000000000,   0.03520,
,,,14.736000000000,   0.03440,
,,,14.740000000000,   0.03440,
,,,14.744000000000,   0.03360,
,,,14.748000000000,   0.03440,
,,,14.752000000000,   0.03600,
,,,14.756000000000,   0.03440,
,,,14.760000000000,   0.03680,
,,,14.764000000000,   0.03600,
,,,14.768000000000,   0.03680,
,,,14.772000000000,   0.03760,
,,,14.776000000000,   0.03600,
,,,14.780000000000,   0.03600,
,,,14.784000000000,   0.03600,
,,,14.788000000000,   0.03760,
,,,14.792000000000,   0.03680,
,,,14.796000000000,   0.03760,
,,,14.800000000000,   0.03920,
,,,14.804000000000,   0.03600,
,,,14.808000000000,   0.03760,
,,,14.812000000000,   0.03920,
,,,14.816000000000,   0.03920,
,,,14.820000000000,   0.03760,
,,,14.824000000000,   0.03920,
,,,14.828000000000,   0.03920,
,,,14.832000000000,   0.03920,
,,,14.836000000000,   0.04000,
,,,14.840000000000,   0.03920,
,,,14.844000000000,   0.04000,
,,,14.848000000000,   0.04240,
,,,14.852000000000,   0.04240,
,,,14.856000000000,   0.03920,
,,,14.860000000000,   0.04160,
,,,14.864000000000,   0.04000,
,,,14.868000000000,   0.04160,
,,,14.872000000000,   0.04160,
,,,14.876000000000,   0.04240,
,,,14.880000000000,   0.04240,
,,,14.884000000000,   0.04240,
,,,14.888000000000,   0.04240,
,,,14.892000000000,   0.04320,
,,,14.896000000000,   0.04240,
,,,14.900000000000,   0.04480,
,,,14.904000000000,   0.04560,
,,,14.908000000000,   0.04480,
,,,14.912000000000,   0.04560,
,,,14.916000000000,   0.04480,
,,,14.920000000000,   0.04720,
,,,14.924000000000,   0.04720,
,,,14.928000000000,   0.04560,
,,,14.932000000000,   0.04400,
,,,14.936000000000,   0.04880,
,,,14.940000000000,   0.04880,
,,,14.944000000000,   0.04720,
,,,14.948000000000,   0.04800,
,,,14.952000000000,   0.05040,
,,,14.956000000000,   0.05040,
,,,14.960000000000,   0.04800,
,,,14.964000000000,   0.04960,
,,,14.968000000000,   0.04880,
,,,14.972000000000,   0.04800,
,,,14.976000000000,   0.04880,
,,,14.980000000000,   0.05120,
,,,14.984000000000,   0.05120,
,,,14.988000000000,   0.05280,
,,,14.992000000000,   0.05200,
,,,14.996000000000,   0.05280,
,,,15.000000000000,   0.05200,
,,,15.004000000000,   0.05280,
,,,15.008000000000,   0.05360,
,,,15.012000000000,   0.05520,
,,,15.016000000000,   0.05360,
,,,15.020000000000,   0.05520,
,,,15.024000000000,   0.05440,
,,,15.028000000000,   0.05280,
,,,15.032000000000,   0.05280,
,,,15.036000000000,   0.05440,
,,,15.040000000000,   0.05520,
,,,15.044000000000,   0.05680,
,,,15.048000000000,   0.05760,
,,,15.052000000000,   0.05600,
,,,15.056000000000,   0.05680,
,,,15.060000000000,   0.05840,
,,,15.064000000000,   0.05920,
,,,15.068000000000,   0.05920,
,,,15.072000000000,   0.05840,
,,,15.076000000000,   0.06000,
,,,15.080000000000,   0.06160,
,,,15.084000000000,   0.05920,
,,,15.088000000000,   0.06320,
,,,15.092000000000,   0.06320,
,,,15.096000000000,   0.06080,
,,,15.100000000000,   0.06560,
,,,15.104000000000,   0.06240,
,,,15.108000000000,   0.06560,
,,,15.112000000000,   0.06640,
,,,15.116000000000,   0.06640,
,,,15.120000000000,   0.06880,
,,,15.124000000000,   0.06640,
,,,15.128000000000,   0.06880,
,,,15.132000000000,   0.06880,
,,,15.136000000000,   0.07040,
,,,15.140000000000,   0.07120,
,,,15.144000000000,   0.06960,
,,,15.148000000000,   0.07200,
,,,15.152000000000,   0.06880,
,,,15.156000000000,   0.07520,
,,,15.160000000000,   0.07360,
,,,15.164000000000,   0.07200,
,,,15.168000000000,   0.07520,
,,,15.172000000000,   0.07440,
,,,15.176000000000,   0.07440,
,,,15.180000000000,   0.07840,
,,,15.184000000000,   0.07760,
,,,15.188000000000,   0.07600,
,,,15.192000000000,   0.07760,
,,,15.196000000000,   0.08080,
,,,15.200000000000,   0.07920,
,,,15.204000000000,   0.08080,
,,,15.208000000000,   0.07920,
,,,15.212000000000,   0.08160,
,,,15.216000000000,   0.08240,
,,,15.220000000000,   0.08240,
,,,15.224000000000,   0.08320,
,,,15.228000000000,   0.08320,
,,,15.232000000000,   0.08320,
,,,15.236000000000,   0.08400,
,,,15.240000000000,   0.08560,
,,,15.244000000000,   0.08400,
,,,15.248000000000,   0.08640,
,,,15.252000000000,   0.08480,
,,,15.256000000000,   0.08640,
,,,15.260000000000,   0.08560,
,,,15.264000000000,   0.08800,
,,,15.268000000000,   0.08800,
,,,15.272000000000,   0.08720,
,,,15.276000000000,   0.08960,
,,,15.280000000000,   0.08880,
,,,15.284000000000,   0.08960,
,,,15.288000000000,   0.08800,
,,,15.292000000000,   0.08800,
,,,15.296000000000,   0.08880,
,,,15.300000000000,   0.09120,
,,,15.304000000000,   0.09040,
,,,15.308000000000,   0.09200,
,,,15.312000000000,   0.08880,
,,,15.316000000000,   0.08960,
,,,15.320000000000,   0.09120,
,,,15.324000000000,   0.09040,
,,,15.328000000000,   0.09040,
,,,15.332000000000,   0.09120,
,,,15.336000000000,   0.09040,
,,,15.340000000000,   0.09040,
,,,15.344000000000,   0.09120,
,,,15.348000000000,   0.08960,
,,,15.352000000000,   0.09040,
,,,15.356000000000,   0.09120,
,,,15.360000000000,   0.08880,
,,,15.364000000000,   0.09120,
,,,15.368000000000,   0.08880,
,,,15.372000000000,   0.09040,
,,,15.376000000000,   0.08880,
,,,15.380000000000,   0.09120,
,,,15.384000000000,   0.08800,
,,,15.388000000000,   0.09120,
,,,15.392000000000,   0.08880,
,,,15.396000000000,   0.09120,
,,,15.400000000000,   0.08800,
,,,15.404000000000,   0.08880,
,,,15.408000000000,   0.08800,
,,,15.412000000000,   0.08880,
,,,15.416000000000,   0.08960,
,,,15.420000000000,   0.08880,
,,,15.424000000000,   0.08720,
,,,15.428000000000,   0.08800,
,,,15.432000000000,   0.08960,
,,,15.436000000000,   0.08720,
,,,15.440000000000,   0.08400,
,,,15.444000000000,   0.08800,
,,,15.448000000000,   0.08720,
,,,15.452000000000,   0.08640,
,,,15.456000000000,   0.08480,
,,,15.460000000000,   0.08400,
,,,15.464000000000,   0.08480,
,,,15.468000000000,   0.08480,
,,,15.472000000000,   0.08480,
,,,15.476000000000,   0.08480,
,,,15.480000000000,   0.08320,
,,,15.484000000000,   0.08240,
,,,15.488000000000,   0.08240,
,,,15.492000000000,   0.08320,
,,,15.496000000000,   0.08160,
,,,15.500000000000,   0.08160,
,,,15.504000000000,   0.08160,
,,,15.508000000000,   0.08080,
,,,15.512000000000,   0.08080,
,,,15.516000000000,   0.08160,
,,,15.520000000000,   0.08000,
,,,15.524000000000,   0.07920,
,,,15.528000000000,   0.07920,
,,,15.532000000000,   0.08080,
,,,15.536000000000,   0.08000,
,,,15.540000000000,   0.07600,
,,,15.544000000000,   0.07600,
,,,15.548000000000,   0.07760,
,,,15.552000000000,   0.07680,
,,,15.556000000000,   0.07760,
,,,15.560000000000,   0.07600,
,,,15.564000000000,   0.07520,
,,,15.568000000000,   0.07440,
,,,15.572000000000,   0.07680,
,,,15.576000000000,   0.07200,
,,,15.580000000000,   0.07360,
,,,15.584000000000,   0.07280,
,,,15.588000000000,   0.07120,
,,,15.592000000000,   0.07280,
,,,15.596000000000,   0.07280,
,,,15.600000000000,   0.07120,
,,,15.604000000000,   0.07040,
,,,15.608000000000,   0.06880,
,,,15.612000000000,   0.07040,
,,,15.616000000000,   0.07120,
,,,15.620000000000,   0.06960,
,,,15.624000000000,   0.07040,
,,,15.628000000000,   0.06880,
,,,15.632000000000,   0.06800,
,,,15.636000000000,   0.06800,
,,,15.640000000000,   0.06800,
,,,15.644000000000,   0.06640,
,,,15.648000000000,   0.06560,
,,,15.652000000000,   0.06720,
,,,15.656000000000,   0.06480,
,,,15.660000000000,   0.06640,
,,,15.664000000000,   0.06480,
,,,15.668000000000,   0.06240,
,,,15.672000000000,   0.06560,
,,,15.676000000000,   0.06400,
,,,15.680000000000,   0.06320,
,,,15.684000000000,   0.06160,
,,,15.688000000000,   0.06400,
,,,15.692000000000,   0.06160,
,,,15.696000000000,   0.06160,
,,,15.700000000000,   0.06000,
,,,15.704000000000,   0.06160,
,,,15.708000000000,   0.06080,
,,,15.712000000000,   0.06000,
,,,15.716000000000,   0.06000,
,,,15.720000000000,   0.05840,
,,,15.724000000000,   0.05760,
,,,15.728000000000,   0.05760,
,,,15.732000000000,   0.05920,
,,,15.736000000000,   0.06000,
,,,15.740000000000,   0.06000,
,,,15.744000000000,   0.05840,
,,,15.748000000000,   0.05920,
,,,15.752000000000,   0.05760,
,,,15.756000000000,   0.05760,
,,,15.760000000000,   0.05760,
,,,15.764000000000,   0.05680,
,,,15.768000000000,   0.05520,
,,,15.772000000000,   0.05440,
,,,15.776000000000,   0.05280,
,,,15.780000000000,   0.05280,
,,,15.784000000000,   0.05360,
,,,15.788000000000,   0.05440,
,,,15.792000000000,   0.05360,
,,,15.796000000000,   0.05440,
,,,15.800000000000,   0.05360,
,,,15.804000000000,   0.05120,
,,,15.808000000000,   0.05360,
,,,15.812000000000,   0.05200,
,,,15.816000000000,   0.05360,
,,,15.820000000000,   0.05040,
,,,15.824000000000,   0.05040,
,,,15.828000000000,   0.05280,
,,,15.832000000000,   0.04880,
,,,15.836000000000,   0.05040,
,,,15.840000000000,   0.05120,
,,,15.844000000000,   0.04720,
,,,15.848000000000,   0.04880,
,,,15.852000000000,   0.04960,
,,,15.856000000000,   0.04880,
,,,15.860000000000,   0.04800,
,,,15.864000000000,   0.04720,
,,,15.868000000000,   0.04720,
,,,15.872000000000,   0.04640,
,,,15.876000000000,   0.04800,
,,,15.880000000000,   0.04560,
,,,15.884000000000,   0.04800,
,,,15.888000000000,   0.04400,
,,,15.892000000000,   0.04720,
,,,15.896000000000,   0.04640,
,,,15.900000000000,   0.04800,
,,,15.904000000000,   0.04640,
,,,15.908000000000,   0.04320,
,,,15.912000000000,   0.04720,
,,,15.916000000000,   0.04480,
,,,15.920000000000,   0.04240,
,,,15.924000000000,   0.04560,
,,,15.928000000000,   0.04480,
,,,15.932000000000,   0.04160,
,,,15.936000000000,   0.04560,
,,,15.940000000000,   0.04400,
,,,15.944000000000,   0.04320,
,,,15.948000000000,   0.04240,
,,,15.952000000000,   0.04160,
,,,15.956000000000,   0.04400,
,,,15.960000000000,   0.04320,
,,,15.964000000000,   0.04320,
,,,15.968000000000,   0.04240,
,,,15.972000000000,   0.03920,
,,,15.976000000000,   0.03920,
,,,15.980000000000,   0.04000,
,,,15.984000000000,   0.04240,
,,,15.988000000000,   0.04320,
,,,15.992000000000,   0.04320,
,,,15.996000000000,   0.04080,
,,,16.000000000000,   0.04080,
,,,16.004000000000,   0.04160,
,,,16.008000000000,   0.04080,
,,,16.012000000000,   0.04080,
,,,16.016000000000,   0.04000,
,,,16.020000000000,   0.03920,
,,,16.024000000000,   0.03920,
,,,16.028000000000,   0.03760,
,,,16.032000000000,   0.03840,
,,,16.036000000000,   0.03680,
,,,16.040000000000,   0.03840,
,,,16.044000000000,   0.03920,
,,,16.048000000000,   0.04000,
,,,16.052000000000,   0.03680,
,,,16.056000000000,   0.03760,
,,,16.060000000000,   0.03760,
,,,16.064000000000,   0.03760,
,,,16.068000000000,   0.03760,
,,,16.072000000000,   0.03680,
,,,16.076000000000,   0.03680,
,,,16.080000000000,   0.03920,
,,,16.084000000000,   0.03520,
,,,16.088000000000,   0.03680,
,,,16.092000000000,   0.03760,
,,,16.096000000000,   0.03600,
,,,16.100000000000,   0.03600,
,,,16.104000000000,   0.03520,
,,,16.108000000000,   0.03600,
,,,16.112000000000,   0.03680,
,,,16.116000000000,   0.03600,
,,,16.120000000000,   0.03600,
,,,16.124000000000,   0.03520,
,,,16.128000000000,   0.03600,
,,,16.132000000000,   0.03440,
,,,16.136000000000,   0.03600,
,,,16.140000000000,   0.03440,
,,,16.144000000000,   0.03520,
,,,16.148000000000,   0.03360,
,,,16.152000000000,   0.03280,
,,,16.156000000000,   0.03600,
,,,16.160000000000,   0.03360,
,,,16.164000000000,   0.03440,
,,,16.168000000000,   0.03360,
,,,16.172000000000,   0.03200,
,,,16.176000000000,   0.03200,
,,,16.180000000000,   0.03360,
,,,16.184000000000,   0.03360,
,,,16.188000000000,   0.03200,
,,,16.192000000000,   0.03200,
,,,16.196000000000,   0.03280,
,,,16.200000000000,   0.03280,
,,,16.204000000000,   0.03360,
,,,16.208000000000,   0.03040,
,,,16.212000000000,   0.03200,
,,,16.216000000000,   0.03360,
,,,16.220000000000,   0.03280,
,,,16.224000000000,   0.03200,
,,,16.228000000000,   0.03200,
,,,16.232000000000,   0.03120,
,,,16.236000000000,   0.03040,
,,,16.240000000000,   0.03200,
,,,16.244000000000,   0.02960,
,,,16.248000000000,   0.02880,
,,,16.252000000000,   0.02880,
,,,16.256000000000,   0.02880,
,,,16.260000000000,   0.02960,
,,,16.264000000000,   0.03120,
,,,16.268000000000,   0.03040,
,,,16.272000000000,   0.02960,
,,,16.276000000000,   0.02960,
,,,16.280000000000,   0.03040,
,,,16.284000000000,   0.03120,
,,,16.288000000000,   0.03040,
,,,16.292000000000,   0.02880,
,,,16.296000000000,   0.02800,
,,,16.300000000000,   0.03040,
,,,16.304000000000,   0.03040,
,,,16.308000000000,   0.03120,
,,,16.312000000000,   0.02880,
,,,16.316000000000,   0.02960,
,,,16.320000000000,   0.02960,
,,,16.324000000000,   0.03120,
,,,16.328000000000,   0.02800,
,,,16.332000000000,   0.02960,
,,,16.336000000000,   0.02960,
,,,16.340000000000,   0.02800,
,,,16.344000000000,   0.02880,
,,,16.348000000000,   0.03040,
,,,16.352000000000,   0.02880,
,,,16.356000000000,   0.02880,
,,,16.360000000000,   0.02720,
,,,16.364000000000,   0.02880,
,,,16.368000000000,   0.02640,
,,,16.372000000000,   0.02800,
,,,16.376000000000,   0.02800,
,,,16.380000000000,   0.02800,
,,,16.384000000000,   0.02720,
,,,16.388000000000,   0.02880,
,,,16.392000000000,   0.02720,
,,,16.396000000000,   0.02960,
,,,16.400000000000,   0.02720,
,,,16.404000000000,   0.02880,
,,,16.408000000000,   0.02720,
,,,16.412000000000,   0.02560,
,,,16.416000000000,   0.02880,
,,,16.420000000000,   0.02640,
,,,16.424000000000,   0.02560,
,,,16.428000000000,   0.02720,
,,,16.432000000000,   0.02800,
,,,16.436000000000,   0.02560,
,,,16.440000000000,   0.02560,
,,,16.444000000000,   0.02800,
,,,16.448000000000,   0.02720,
,,,16.452000000000,   0.02720,
,,,16.456000000000,   0.02480,
,,,16.460000000000,   0.02560,
,,,16.464000000000,   0.02800,
,,,16.468000000000,   0.02560,
,,,16.472000000000,   0.02640,
,,,16.476000000000,   0.02560,
,,,16.480000000000,   0.02640,
,,,16.484000000000,   0.02640,
,,,16.488000000000,   0.02560,
,,,16.492000000000,   0.02400,
,,,16.496000000000,   0.02400,
,,,16.500000000000,   0.02400,
,,,16.504000000000,   0.02400,
,,,16.508000000000,   0.02400,
,,,16.512000000000,   0.02400,
,,,16.516000000000,   0.02400,
,,,16.520000000000,   0.02560,
,,,16.524000000000,   0.02560,
,,,16.528000000000,   0.02480,
,,,16.532000000000,   0.02560,
,,,16.536000000000,   0.02560,
,,,16.540000000000,   0.02640,
,,,16.544000000000,   0.02320,
,,,16.548000000000,   0.02320,
,,,16.552000000000,   0.02560,
,,,16.556000000000,   0.02480,
,,,16.560000000000,   0.02560,
,,,16.564000000000,   0.02320,
,,,16.568000000000,   0.02560,
,,,16.572000000000,   0.02480,
,,,16.576000000000,   0.02480,
,,,16.580000000000,   0.02400,
,,,16.584000000000,   0.02560,
,,,16.588000000000,   0.02560,
,,,16.592000000000,   0.02400,
,,,16.596000000000,   0.02400,
,,,16.600000000000,   0.02400,
,,,16.604000000000,   0.02480,
,,,16.608000000000,   0.02480,
,,,16.612000000000,   0.02240,
,,,16.616000000000,   0.02400,
,,,16.620000000000,   0.02240,
,,,16.624000000000,   0.02400,
,,,16.628000000000,   0.02160,
,,,16.632000000000,   0.02400,
,,,16.636000000000,   0.02240,
,,,16.640000000000,   0.02480,
,,,16.644000000000,   0.02400,
,,,16.648000000000,   0.02480,
,,,16.652000000000,   0.02400,
,,,16.656000000000,   0.02080,
,,,16.660000000000,   0.02560,
,,,16.664000000000,   0.02400,
,,,16.668000000000,   0.02320,
,,,16.672000000000,   0.02480,
,,,16.676000000000,   0.02400,
,,,16.680000000000,   0.02240,
,,,16.684000000000,   0.02480,
,,,16.688000000000,   0.02320,
,,,16.692000000000,   0.02320,
,,,16.696000000000,   0.02160,
,,,16.700000000000,   0.02480,
,,,16.704000000000,   0.02240,
,,,16.708000000000,   0.02240,
,,,16.712000000000,   0.02320,
,,,16.716000000000,   0.02080,
,,,16.720000000000,   0.02240,
,,,16.724000000000,   0.02320,
,,,16.728000000000,   0.02480,
,,,16.732000000000,   0.02320,
,,,16.736000000000,   0.02320,
,,,16.740000000000,   0.02320,
,,,16.744000000000,   0.02160,
,,,16.748000000000,   0.02240,
,,,16.752000000000,   0.02240,
,,,16.756000000000,   0.02160,
,,,16.760000000000,   0.02320,
,,,16.764000000000,   0.02240,
,,,16.768000000000,   0.02160,
,,,16.772000000000,   0.02320,
,,,16.776000000000,   0.02160,
,,,16.780000000000,   0.02240,
,,,16.784000000000,   0.02000,
,,,16.788000000000,   0.02000,
,,,16.792000000000,   0.02160,
,,,16.796000000000,   0.02240,
,,,16.800000000000,   0.02320,
,,,16.804000000000,   0.02240,
,,,16.808000000000,   0.02080,
,,,16.812000000000,   0.02240,
,,,16.816000000000,   0.02240,
,,,16.820000000000,   0.02480,
,,,16.824000000000,   0.02000,
,,,16.828000000000,   0.02160,
,,,16.832000000000,   0.02400,
,,,16.836000000000,   0.01920,
,,,16.840000000000,   0.02160,
,,,16.844000000000,   0.02320,
,,,16.848000000000,   0.02000,
,,,16.852000000000,   0.02160,
,,,16.856000000000,   0.02080,
,,,16.860000000000,   0.02160,
,,,16.864000000000,   0.02320,
,,,16.868000000000,   0.02160,
,,,16.872000000000,   0.02320,
,,,16.876000000000,   0.02080,
,,,16.880000000000,   0.02240,
,,,16.884000000000,   0.02080,
,,,16.888000000000,   0.02320,
,,,16.892000000000,   0.02080,
,,,16.896000000000,   0.02080,
,,,16.900000000000,   0.02160,
,,,16.904000000000,   0.02000,
,,,16.908000000000,   0.02240,
,,,16.912000000000,   0.02160,
,,,16.916000000000,   0.01920,
,,,16.920000000000,   0.02160,
,,,16.924000000000,   0.02000,
,,,16.928000000000,   0.01920,
,,,16.932000000000,   0.02160,
,,,16.936000000000,   0.02160,
,,,16.940000000000,   0.02160,
,,,16.944000000000,   0.02080,
,,,16.948000000000,   0.02320,
,,,16.952000000000,   0.02080,
,,,16.956000000000,   0.02080,
,,,16.960000000000,   0.02000,
,,,16.964000000000,   0.02000,
,,,16.968000000000,   0.02160,
,,,16.972000000000,   0.02320,
,,,16.976000000000,   0.02240,
,,,16.980000000000,   0.02160,
,,,16.984000000000,   0.02080,
,,,16.988000000000,   0.02160,
,,,16.992000000000,   0.02160,
,,,16.996000000000,   0.01920,
,,,17.000000000000,   0.02000,
,,,17.004000000000,   0.02000,
,,,17.008000000000,   0.02000,
,,,17.012000000000,   0.02080,
,,,17.016000000000,   0.02080,
,,,17.020000000000,   0.02080,
,,,17.024000000000,   0.02000,
,,,17.028000000000,   0.02080,
,,,17.032000000000,   0.02160,
,,,17.036000000000,   0.02000,
,,,17.040000000000,   0.01920,
,,,17.044000000000,   0.02000,
,,,17.048000000000,   0.02080,
,,,17.052000000000,   0.02080,
,,,17.056000000000,   0.02160,
,,,17.060000000000,   0.01920,
,,,17.064000000000,   0.02080,
,,,17.068000000000,   0.02080,
,,,17.072000000000,   0.02160,
,,,17.076000000000,   0.01760,
,,,17.080000000000,   0.01920,
,,,17.084000000000,   0.02160,
,,,17.088000000000,   0.01840,
,,,17.092000000000,   0.02000,
,,,17.096000000000,   0.02240,
,,,17.100000000000,   0.01920,
,,,17.104000000000,   0.02000,
,,,17.108000000000,   0.01920,
,,,17.112000000000,   0.02080,
,,,17.116000000000,   0.02080,
,,,17.120000000000,   0.01920,
,,,17.124000000000,   0.02160,
,,,17.128000000000,   0.02000,
,,,17.132000000000,   0.02080,
,,,17.136000000000,   0.01920,
,,,17.140000000000,   0.02000,
,,,17.144000000000,   0.01920,
,,,17.148000000000,   0.01840,
,,,17.152000000000,   0.02000,
,,,17.156000000000,   0.01920,
,,,17.160000000000,   0.02000,
,,,17.164000000000,   0.01920,
,,,17.168000000000,   0.01840,
,,,17.172000000000,   0.02000,
,,,17.176000000000,   0.01920,
,,,17.180000000000,   0.01920,
,,,17.184000000000,   0.01920,
,,,17.188000000000,   0.02160,
,,,17.192000000000,   0.02000,
,,,17.196000000000,   0.02000,
,,,17.200000000000,   0.01760,
,,,17.204000000000,   0.02000,
,,,17.208000000000,   0.02000,
,,,17.212000000000,   0.01840,
,,,17.216000000000,   0.01920,
,,,17.220000000000,   0.01680,
,,,17.224000000000,   0.01840,
,,,17.228000000000,   0.01920,
,,,17.232000000000,   0.02000,
,,,17.236000000000,   0.02080,
,,,17.240000000000,   0.02160,
,,,17.244000000000,   0.02000,
,,,17.248000000000,   0.02000,
,,,17.252000000000,   0.02080,
,,,17.256000000000,   0.02080,
,,,17.260000000000,   0.02080,
,,,17.264000000000,   0.02000,
,,,17.268000000000,   0.02080,
,,,17.272000000000,   0.02000,
,,,17.276000000000,   0.01760,
,,,17.280000000000,   0.01760,
,,,17.284000000000,   0.01840,
,,,17.288000000000,   0.01840,
,,,17.292000000000,   0.01840,
,,,17.296000000000,   0.02000,
,,,17.300000000000,   0.02000,
,,,17.304000000000,   0.01840,
,,,17.308000000000,   0.01920,
,,,17.312000000000,   0.02000,
,,,17.316000000000,   0.02080,
,,,17.320000000000,   0.01760,
,,,17.324000000000,   0.02000,
,,,17.328000000000,   0.01920,
,,,17.332000000000,   0.02080,
,,,17.336000000000,   0.01840,
,,,17.340000000000,   0.01920,
,,,17.344000000000,   0.01920,
,,,17.348000000000,   0.01840,
,,,17.352000000000,   0.02080,
,,,17.356000000000,   0.01760,
,,,17.360000000000,   0.01920,
,,,17.364000000000,   0.01840,
,,,17.368000000000,   0.02000,
,,,17.372000000000,   0.01920,
,,,17.376000000000,   0.01840,
,,,17.380000000000,   0.02000,
,,,17.384000000000,   0.01920,
,,,17.388000000000,   0.01760,
,,,17.392000000000,   0.02000,
,,,17.396000000000,   0.01760,
,,,17.400000000000,   0.01920,
,,,17.404000000000,   0.01920,
,,,17.408000000000,   0.02000,
,,,17.412000000000,   0.02000,
,,,17.416000000000,   0.01840,
,,,17.420000000000,   0.01920,
,,,17.424000000000,   0.01920,
,,,17.428000000000,   0.02000,
,,,17.432000000000,   0.02000,
,,,17.436000000000,   0.02000,
,,,17.440000000000,   0.01920,
,,,17.444000000000,   0.01760,
,,,17.448000000000,   0.01840,
,,,17.452000000000,   0.02000,
,,,17.456000000000,   0.02000,
,,,17.460000000000,   0.01760,
,,,17.464000000000,   0.01840,
,,,17.468000000000,   0.01760,
,,,17.472000000000,   0.01920,
,,,17.476000000000,   0.02080,
,,,17.480000000000,   0.02000,
,,,17.484000000000,   0.02080,
,,,17.488000000000,   0.01920,
,,,17.492000000000,   0.02000,
,,,17.496000000000,   0.02000,
,,,17.500000000000,   0.01920,
,,,17.504000000000,   0.02000,
,,,17.508000000000,   0.01840,
,,,17.512000000000,   0.01920,
,,,17.516000000000,   0.01920,
,,,17.520000000000,   0.02000,
,,,17.524000000000,   0.02000,
,,,17.528000000000,   0.01920,
,,,17.532000000000,   0.01920,
,,,17.536000000000,   0.01680,
,,,17.540000000000,   0.01920,
,,,17.544000000000,   0.01920,
,,,17.548000000000,   0.01920,
,,,17.552000000000,   0.02080,
,,,17.556000000000,   0.01840,
,,,17.560000000000,   0.01760,
,,,17.564000000000,   0.01920,
,,,17.568000000000,   0.02000,
,,,17.572000000000,   0.01680,
,,,17.576000000000,   0.01840,
,,,17.580000000000,   0.01840,
,,,17.584000000000,   0.02000,
,,,17.588000000000,   0.01840,
,,,17.592000000000,   0.01920,
,,,17.596000000000,   0.01920,
,,,17.600000000000,   0.01920,
,,,17.604000000000,   0.02080,
,,,17.608000000000,   0.01760,
,,,17.612000000000,   0.01920,
,,,17.616000000000,   0.01760,
,,,17.620000000000,   0.02080,
,,,17.624000000000,   0.01920,
,,,17.628000000000,   0.01840,
,,,17.632000000000,   0.01760,
,,,17.636000000000,   0.02080,
,,,17.640000000000,   0.01760,
,,,17.644000000000,   0.02080,
,,,17.648000000000,   0.01840,
,,,17.652000000000,   0.02000,
,,,17.656000000000,   0.01920,
,,,17.660000000000,   0.01760,
,,,17.664000000000,   0.02080,
,,,17.668000000000,   0.02000,
,,,17.672000000000,   0.01840,
,,,17.676000000000,   0.02080,
,,,17.680000000000,   0.01840,
,,,17.684000000000,   0.01680,
,,,17.688000000000,   0.02000,
,,,17.692000000000,   0.01920,
,,,17.696000000000,   0.01920,
,,,17.700000000000,   0.01760,
,,,17.704000000000,   0.02000,
,,,17.708000000000,   0.02160,
,,,17.712000000000,   0.01920,
,,,17.716000000000,   0.01920,
,,,17.720000000000,   0.02000,
,,,17.724000000000,   0.01840,
,,,17.728000000000,   0.01840,
,,,17.732000000000,   0.01840,
,,,17.736000000000,   0.02000,
,,,17.740000000000,   0.01920,
,,,17.744000000000,   0.02000,
,,,17.748000000000,   0.02000,
,,,17.752000000000,   0.02080,
,,,17.756000000000,   0.02080,
,,,17.760000000000,   0.02000,
,,,17.764000000000,   0.02000,
,,,17.768000000000,   0.01840,
,,,17.772000000000,   0.01840,
,,,17.776000000000,   0.01840,
,,,17.780000000000,   0.01840,
,,,17.784000000000,   0.02000,
,,,17.788000000000,   0.01920,
,,,17.792000000000,   0.02000,
,,,17.796000000000,   0.02080,
,,,17.800000000000,   0.01760,
,,,17.804000000000,   0.01760,
,,,17.808000000000,   0.01760,
,,,17.812000000000,   0.01920,
,,,17.816000000000,   0.01920,
,,,17.820000000000,   0.01680,
,,,17.824000000000,   0.01920,
,,,17.828000000000,   0.02000,
,,,17.832000000000,   0.01760,
,,,17.836000000000,   0.01840,
,,,17.840000000000,   0.01840,
,,,17.844000000000,   0.01680,
,,,17.848000000000,   0.01920,
,,,17.852000000000,   0.01840,
,,,17.856000000000,   0.01680,
,,,17.860000000000,   0.01840,
,,,17.864000000000,   0.01520,
,,,17.868000000000,   0.01760,
,,,17.872000000000,   0.01680,
,,,17.876000000000,   0.01760,
,,,17.880000000000,   0.01600,
,,,17.884000000000,   0.01760,
,,,17.888000000000,   0.01600,
,,,17.892000000000,   0.01840,
,,,17.896000000000,   0.01520,
,,,17.900000000000,   0.01840,
,,,17.904000000000,   0.01760,
,,,17.908000000000,   0.01520,
,,,17.912000000000,   0.01600,
,,,17.916000000000,   0.01760,
,,,17.920000000000,   0.01760,
,,,17.924000000000,   0.01680,
,,,17.928000000000,   0.01680,
,,,17.932000000000,   0.01680,
,,,17.936000000000,   0.01760,
,,,17.940000000000,   0.01600,
,,,17.944000000000,   0.01600,
,,,17.948000000000,   0.01440,
,,,17.952000000000,   0.01680,
,,,17.956000000000,   0.01680,
,,,17.960000000000,   0.01680,
,,,17.964000000000,   0.01520,
,,,17.968000000000,   0.01440,
,,,17.972000000000,   0.01520,
,,,17.976000000000,   0.01520,
,,,17.980000000000,   0.01760,
,,,17.984000000000,   0.01600,
,,,17.988000000000,   0.01440,
,,,17.992000000000,   0.01600,
,,,17.996000000000,   0.01520,
,,,18.000000000000,   0.01520,
,,,18.004000000000,   0.01520,
,,,18.008000000000,   0.01520,
,,,18.012000000000,   0.01520,
,,,18.016000000000,   0.01680,
,,,18.020000000000,   0.01520,
,,,18.024000000000,   0.01680,
,,,18.028000000000,   0.01520,
,,,18.032000000000,   0.01200,
,,,18.036000000000,   0.01280,
,,,18.040000000000,   0.01280,
,,,18.044000000000,   0.01440,
,,,18.048000000000,   0.01520,
,,,18.052000000000,   0.01520,
,,,18.056000000000,   0.01280,
,,,18.060000000000,   0.01200,
,,,18.064000000000,   0.01360,
,,,18.068000000000,   0.01520,
,,,18.072000000000,   0.01360,
,,,18.076000000000,   0.01440,
,,,18.080000000000,   0.01520,
,,,18.084000000000,   0.01440,
,,,18.088000000000,   0.01440,
,,,18.092000000000,   0.01440,
,,,18.096000000000,   0.01360,
,,,18.100000000000,   0.01360,
,,,18.104000000000,   0.01520,
,,,18.108000000000,   0.01280,
,,,18.112000000000,   0.01280,
,,,18.116000000000,   0.01200,
,,,18.120000000000,   0.01440,
,,,18.124000000000,   0.01200,
,,,18.128000000000,   0.01440,
,,,18.132000000000,   0.01280,
,,,18.136000000000,   0.01360,
,,,18.140000000000,   0.01200,
,,,18.144000000000,   0.01280,
,,,18.148000000000,   0.01280,
,,,18.152000000000,   0.01440,
,,,18.156000000000,   0.01360,
,,,18.160000000000,   0.01200,
,,,18.164000000000,   0.01360,
,,,18.168000000000,   0.01440,
,,,18.172000000000,   0.01280,
,,,18.176000000000,   0.01360,
,,,18.180000000000,   0.01360,
,,,18.184000000000,   0.01200,
,,,18.188000000000,   0.01360,
,,,18.192000000000,   0.01360,
,,,18.196000000000,   0.01280,
,,,18.200000000000,   0.01280,
,,,18.204000000000,   0.01280,
,,,18.208000000000,   0.01520,
,,,18.212000000000,   0.01280,
,,,18.216000000000,   0.01280,
,,,18.220000000000,   0.01280,
,,,18.224000000000,   0.01200,
,,,18.228000000000,   0.01120,
,,,18.232000000000,   0.01120,
,,,18.236000000000,   0.01280,
,,,18.240000000000,   0.01520,
,,,18.244000000000,   0.01440,
,,,18.248000000000,   0.01360,
,,,18.252000000000,   0.01520,
,,,18.256000000000,   0.01600,
,,,18.260000000000,   0.01520,
,,,18.264000000000,   0.01520,
,,,18.268000000000,   0.01360,
,,,18.272000000000,   0.01120,
,,,18.276000000000,   0.01120,
,,,18.280000000000,   0.01360,
,,,18.284000000000,   0.01280,
,,,18.288000000000,   0.01280,
,,,18.292000000000,   0.01360,
,,,18.296000000000,   0.01280,
,,,18.300000000000,   0.01280,
,,,18.304000000000,   0.01120,
,,,18.308000000000,   0.01360,
,,,18.312000000000,   0.01200,
,,,18.316000000000,   0.01280,
,,,18.320000000000,   0.01120,
,,,18.324000000000,   0.01280,
,,,18.328000000000,   0.01440,
,,,18.332000000000,   0.01120,
,,,18.336000000000,   0.01280,
,,,18.340000000000,   0.01360,
,,,18.344000000000,   0.01200,
,,,18.348000000000,   0.01440,
,,,18.352000000000,   0.01280,
,,,18.356000000000,   0.01280,
,,,18.360000000000,   0.01280,
,,,18.364000000000,   0.01120,
,,,18.368000000000,   0.01280,
,,,18.372000000000,   0.01120,
,,,18.376000000000,   0.01280,
,,,18.380000000000,   0.01280,
,,,18.384000000000,   0.01280,
,,,18.388000000000,   0.01200,
,,,18.392000000000,   0.01280,
,,,18.396000000000,   0.01200,
,,,18.400000000000,   0.01360,
,,,18.404000000000,   0.01200,
,,,18.408000000000,   0.01280,
,,,18.412000000000,   0.01280,
,,,18.416000000000,   0.01200,
,,,18.420000000000,   0.01280,
,,,18.424000000000,   0.01280,
,,,18.428000000000,   0.01280,
,,,18.432000000000,   0.01280,
,,,18.436000000000,   0.01360,
,,,18.440000000000,   0.01360,
,,,18.444000000000,   0.01280,
,,,18.448000000000,   0.01200,
,,,18.452000000000,   0.01440,
,,,18.456000000000,   0.01360,
,,,18.460000000000,   0.01360,
,,,18.464000000000,   0.01120,
,,,18.468000000000,   0.01040,
,,,18.472000000000,   0.01200,
,,,18.476000000000,   0.01280,
,,,18.480000000000,   0.01360,
,,,18.484000000000,   0.01280,
,,,18.488000000000,   0.01360,
,,,18.492000000000,   0.01280,
,,,18.496000000000,   0.01360,
,,,18.500000000000,   0.01280,
,,,18.504000000000,   0.01280,
,,,18.508000000000,   0.01360,
,,,18.512000000000,   0.01280,
,,,18.516000000000,   0.01280,
,,,18.520000000000,   0.01440,
,,,18.524000000000,   0.01280,
,,,18.528000000000,   0.01360,
,,,18.532000000000,   0.01280,
,,,18.536000000000,   0.01040,
,,,18.540000000000,   0.01200,
,,,18.544000000000,   0.01280,
,,,18.548000000000,   0.01200,
,,,18.552000000000,   0.01360,
,,,18.556000000000,   0.01280,
,,,18.560000000000,   0.01120,
,,,18.564000000000,   0.01280,
,,,18.568000000000,   0.01280,
,,,18.572000000000,   0.01280,
,,,18.576000000000,   0.01280,
,,,18.580000000000,   0.01280,
,,,18.584000000000,   0.01360,
,,,18.588000000000,   0.01040,
,,,18.592000000000,   0.01280,
,,,18.596000000000,   0.01280,
,,,18.600000000000,   0.01280,
,,,18.604000000000,   0.01360,
,,,18.608000000000,   0.01120,
,,,18.612000000000,   0.01280,
,,,18.616000000000,   0.01280,
,,,18.620000000000,   0.01360,
,,,18.624000000000,   0.01280,
,,,18.628000000000,   0.01440,
,,,18.632000000000,   0.01280,
,,,18.636000000000,   0.01200,
,,,18.640000000000,   0.01200,
,,,18.644000000000,   0.01280,
,,,18.648000000000,   0.01200,
,,,18.652000000000,   0.01280,
,,,18.656000000000,   0.01280,
,,,18.660000000000,   0.01280,
,,,18.664000000000,   0.01280,
,,,18.668000000000,   0.01200,
,,,18.672000000000,   0.01520,
,,,18.676000000000,   0.01200,
,,,18.680000000000,   0.01360,
,,,18.684000000000,   0.01200,
,,,18.688000000000,   0.01360,
,,,18.692000000000,   0.01360,
,,,18.696000000000,   0.01280,
,,,18.700000000000,   0.01120,
,,,18.704000000000,   0.01360,
,,,18.708000000000,   0.01360,
,,,18.712000000000,   0.01120,
,,,18.716000000000,   0.01280,
,,,18.720000000000,   0.01280,
,,,18.724000000000,   0.01120,
,,,18.728000000000,   0.01200,
,,,18.732000000000,   0.01360,
,,,18.736000000000,   0.01440,
,,,18.740000000000,   0.01360,
,,,18.744000000000,   0.01280,
,,,18.748000000000,   0.01360,
,,,18.752000000000,   0.01440,
,,,18.756000000000,   0.01280,
,,,18.760000000000,   0.01280,
,,,18.764000000000,   0.01360,
,,,18.768000000000,   0.01440,
,,,18.772000000000,   0.01280,
,,,18.776000000000,   0.01280,
,,,18.780000000000,   0.01040,
,,,18.784000000000,   0.01120,
,,,18.788000000000,   0.01280,
,,,18.792000000000,   0.01280,
,,,18.796000000000,   0.01280,
,,,18.800000000000,   0.01360,
,,,18.804000000000,   0.01200,
,,,18.808000000000,   0.01280,
,,,18.812000000000,   0.01200,
,,,18.816000000000,   0.01440,
,,,18.820000000000,   0.01200,
,,,18.824000000000,   0.01120,
,,,18.828000000000,   0.01360,
,,,18.832000000000,   0.01360,
,,,18.836000000000,   0.01280,
,,,18.840000000000,   0.01280,
,,,18.844000000000,   0.01360,
,,,18.848000000000,   0.01200,
,,,18.852000000000,   0.01360,
,,,18.856000000000,   0.01120,
,,,18.860000000000,   0.01280,
,,,18.864000000000,   0.01360,
,,,18.868000000000,   0.01280,
,,,18.872000000000,   0.01280,
,,,18.876000000000,   0.01360,
,,,18.880000000000,   0.01440,
,,,18.884000000000,   0.01280,
,,,18.888000000000,   0.01360,
,,,18.892000000000,   0.01280,
,,,18.896000000000,   0.01120,
,,,18.900000000000,   0.01280,
,,,18.904000000000,   0.01120,
,,,18.908000000000,   0.01520,
,,,18.912000000000,   0.01280,
,,,18.916000000000,   0.01200,
,,,18.920000000000,   0.01360,
,,,18.924000000000,   0.01280,
,,,18.928000000000,   0.01200,
,,,18.932000000000,   0.01440,
,,,18.936000000000,   0.01280,
,,,18.940000000000,   0.01280,
,,,18.944000000000,   0.01040,
,,,18.948000000000,   0.01360,
,,,18.952000000000,   0.01280,
,,,18.956000000000,   0.01200,
,,,18.960000000000,   0.01200,
,,,18.964000000000,   0.01040,
,,,18.968000000000,   0.01280,
,,,18.972000000000,   0.01280,
,,,18.976000000000,   0.01280,
,,,18.980000000000,   0.01280,
,,,18.984000000000,   0.01280,
,,,18.988000000000,   0.01280,
,,,18.992000000000,   0.01280,
,,,18.996000000000,   0.01280,
,,,19.000000000000,   0.01200,
,,,19.004000000000,   0.01200,
,,,19.008000000000,   0.01280,
,,,19.012000000000,   0.01280,
,,,19.016000000000,   0.01200,
,,,19.020000000000,   0.01200,
,,,19.024000000000,   0.01360,
,,,19.028000000000,   0.01280,
,,,19.032000000000,   0.01280,
,,,19.036000000000,   0.01280,
,,,19.040000000000,   0.01120,
,,,19.044000000000,   0.01120,
,,,19.048000000000,   0.01280,
,,,19.052000000000,   0.01280,
,,,19.056000000000,   0.01360,
,,,19.060000000000,   0.01200,
,,,19.064000000000,   0.01120,
,,,19.068000000000,   0.01280,
,,,19.072000000000,   0.01360,
,,,19.076000000000,   0.01120,
,,,19.080000000000,   0.01280,
,,,19.084000000000,   0.01280,
,,,19.088000000000,   0.01120,
,,,19.092000000000,   0.01200,
,,,19.096000000000,   0.01440,
,,,19.100000000000,   0.01040,
,,,19.104000000000,   0.01280,
,,,19.108000000000,   0.01280,
,,,19.112000000000,   0.01280,
,,,19.116000000000,   0.01360,
,,,19.120000000000,   0.01120,
,,,19.124000000000,   0.01280,
,,,19.128000000000,   0.01200,
,,,19.132000000000,   0.01280,
,,,19.136000000000,   0.01120,
,,,19.140000000000,   0.01360,
,,,19.144000000000,   0.01280,
,,,19.148000000000,   0.01200,
,,,19.152000000000,   0.01200,
,,,19.156000000000,   0.01120,
,,,19.160000000000,   0.01280,
,,,19.164000000000,   0.01280,
,,,19.168000000000,   0.00960,
,,,19.172000000000,   0.01440,
,,,19.176000000000,   0.01200,
,,,19.180000000000,   0.01120,
,,,19.184000000000,   0.01360,
,,,19.188000000000,   0.01280,
,,,19.192000000000,   0.01280,
,,,19.196000000000,   0.01040,
,,,19.200000000000,   0.01280,
,,,19.204000000000,   0.01280,
,,,19.208000000000,   0.01200,
,,,19.212000000000,   0.01120,
,,,19.216000000000,   0.01120,
,,,19.220000000000,   0.01120,
,,,19.224000000000,   0.01280,
,,,19.228000000000,   0.01280,
,,,19.232000000000,   0.01360,
,,,19.236000000000,   0.01280,
,,,19.240000000000,   0.01280,
,,,19.244000000000,   0.01280,
,,,19.248000000000,   0.01200,
,,,19.252000000000,   0.01280,
,,,19.256000000000,   0.01200,
,,,19.260000000000,   0.01200,
,,,19.264000000000,   0.01280,
,,,19.268000000000,   0.01280,
,,,19.272000000000,   0.01360,
,,,19.276000000000,   0.01440,
,,,19.280000000000,   0.01360,
,,,19.284000000000,   0.01200,
,,,19.288000000000,   0.01040,
,,,19.292000000000,   0.01200,
,,,19.296000000000,   0.01280,
,,,19.300000000000,   0.01360,
,,,19.304000000000,   0.01360,
,,,19.308000000000,   0.01040,
,,,19.312000000000,   0.01120,
,,,19.316000000000,   0.01200,
,,,19.320000000000,   0.01280,
,,,19.324000000000,   0.01120,
,,,19.328000000000,   0.01280,
,,,19.332000000000,   0.01280,
,,,19.336000000000,   0.01200,
,,,19.340000000000,   0.01200,
,,,19.344000000000,   0.01280,
,,,19.348000000000,   0.01200,
,,,19.352000000000,   0.01280,
,,,19.356000000000,   0.01360,
,,,19.360000000000,   0.01280,
,,,19.364000000000,   0.01280,
,,,19.368000000000,   0.00960,
,,,19.372000000000,   0.01280,
,,,19.376000000000,   0.01120,
,,,19.380000000000,   0.01200,
,,,19.384000000000,   0.01120,
,,,19.388000000000,   0.01280,
,,,19.392000000000,   0.01120,
,,,19.396000000000,   0.01360,
,,,19.400000000000,   0.01200,
,,,19.404000000000,   0.01120,
,,,19.408000000000,   0.01200,
,,,19.412000000000,   0.01040,
,,,19.416000000000,   0.01280,
,,,19.420000000000,   0.01280,
,,,19.424000000000,   0.01120,
,,,19.428000000000,   0.01280,
,,,19.432000000000,   0.01360,
,,,19.436000000000,   0.01120,
,,,19.440000000000,   0.01120,
,,,19.444000000000,   0.01360,
,,,19.448000000000,   0.01200,
,,,19.452000000000,   0.01200,
,,,19.456000000000,   0.01040,
,,,19.460000000000,   0.01200,
,,,19.464000000000,   0.01280,
,,,19.468000000000,   0.01280,
,,,19.472000000000,   0.01280,
,,,19.476000000000,   0.01200,
,,,19.480000000000,   0.01280,
,,,19.484000000000,   0.01200,
,,,19.488000000000,   0.01120,
,,,19.492000000000,   0.01120,
,,,19.496000000000,   0.01120,
,,,19.500000000000,   0.01040,
,,,19.504000000000,   0.01120,
,,,19.508000000000,   0.01040,
,,,19.512000000000,   0.01040,
,,,19.516000000000,   0.01040,
,,,19.520000000000,   0.01120,
,,,19.524000000000,   0.01280,
,,,19.528000000000,   0.01280,
,,,19.532000000000,   0.01280,
,,,19.536000000000,   0.01280,
,,,19.540000000000,   0.01360,
,,,19.544000000000,   0.01200,
,,,19.548000000000,   0.01040,
,,,19.552000000000,   0.01120,
,,,19.556000000000,   0.01280,
,,,19.560000000000,   0.01280,
,,,19.564000000000,   0.01280,
,,,19.568000000000,   0.01120,
,,,19.572000000000,   0.01280,
,,,19.576000000000,   0.01280,
,,,19.580000000000,   0.01040,
,,,19.584000000000,   0.01280,
,,,19.588000000000,   0.01280,
,,,19.592000000000,   0.00960,
,,,19.596000000000,   0.01280,
,,,19.600000000000,   0.01440,
,,,19.604000000000,   0.01120,
,,,19.608000000000,   0.01280,
,,,19.612000000000,   0.01200,
,,,19.616000000000,   0.01280,
,,,19.620000000000,   0.01120,
,,,19.624000000000,   0.01280,
,,,19.628000000000,   0.01280,
,,,19.632000000000,   0.01120,
,,,19.636000000000,   0.01120,
,,,19.640000000000,   0.01200,
,,,19.644000000000,   0.01120,
,,,19.648000000000,   0.01280,
,,,19.652000000000,   0.01200,
,,,19.656000000000,   0.01360,
,,,19.660000000000,   0.01280,
,,,19.664000000000,   0.01120,
,,,19.668000000000,   0.01280,
,,,19.672000000000,   0.01200,
,,,19.676000000000,   0.01040,
,,,19.680000000000,   0.01280,
,,,19.684000000000,   0.01280,
,,,19.688000000000,   0.01120,
,,,19.692000000000,   0.01120,
,,,19.696000000000,   0.01440,
,,,19.700000000000,   0.01200,
,,,19.704000000000,   0.01360,
,,,19.708000000000,   0.01120,
,,,19.712000000000,   0.01280,
,,,19.716000000000,   0.01440,
,,,19.720000000000,   0.01280,
,,,19.724000000000,   0.01280,
,,,19.728000000000,   0.01280,
,,,19.732000000000,   0.01200,
,,,19.736000000000,   0.01280,
,,,19.740000000000,   0.01120,
,,,19.744000000000,   0.01120,
,,,19.748000000000,   0.01040,
,,,19.752000000000,   0.01120,
,,,19.756000000000,   0.01040,
,,,19.760000000000,   0.01120,
,,,19.764000000000,   0.01120,
,,,19.768000000000,   0.01280,
,,,19.772000000000,   0.01280,
,,,19.776000000000,   0.01280,
,,,19.780000000000,   0.01360,
,,,19.784000000000,   0.01200,
,,,19.788000000000,   0.01360,
,,,19.792000000000,   0.01280,
,,,19.796000000000,   0.01040,
,,,19.800000000000,   0.01120,
,,,19.804000000000,   0.01200,
,,,19.808000000000,   0.01280,
,,,19.812000000000,   0.01280,
,,,19.816000000000,   0.01120,
,,,19.820000000000,   0.01360,
,,,19.824000000000,   0.01280,
,,,19.828000000000,   0.01200,
,,,19.832000000000,   0.01280,
,,,19.836000000000,   0.01280,
,,,19.840000000000,   0.01280,
,,,19.844000000000,   0.01280,
,,,19.848000000000,   0.01280,
,,,19.852000000000,   0.01120,
,,,19.856000000000,   0.01200,
,,,19.860000000000,   0.01280,
,,,19.864000000000,   0.01200,
,,,19.868000000000,   0.01360,
,,,19.872000000000,   0.01200,
,,,19.876000000000,   0.01360,
,,,19.880000000000,   0.01200,
,,,19.884000000000,   0.01360,
,,,19.888000000000,   0.01280,
,,,19.892000000000,   0.01440,
,,,19.896000000000,   0.01200,
,,,19.900000000000,   0.01200,
,,,19.904000000000,   0.01360,
,,,19.908000000000,   0.01200,
,,,19.912000000000,   0.01280,
,,,19.916000000000,   0.01280,
,,,19.920000000000,   0.01120,
,,,19.924000000000,   0.01360,
,,,19.928000000000,   0.01280,
,,,19.932000000000,   0.01120,
,,,19.936000000000,   0.01280,
,,,19.940000000000,   0.01280,
,,,19.944000000000,   0.01200,
,,,19.948000000000,   0.01120,
,,,19.952000000000,   0.01200,
,,,19.956000000000,   0.01280,
,,,19.960000000000,   0.01280,
,,,19.964000000000,   0.01360,
,,,19.968000000000,   0.01280,
,,,19.972000000000,   0.01120,
,,,19.976000000000,   0.01040,
,,,19.980000000000,   0.01280,
,,,19.984000000000,   0.01440,
,,,19.988000000000,   0.01360,
,,,19.992000000000,   0.01360,
,,,19.996000000000,   0.01280,
